OrderID,Industry,Quantity,DateTime,SLat,SLong,DLat,DLong
5687391,PackagedFood,1,5/4/2016 3:11,13.00399977,77.61501576,12.88595791,77.62261479
5687392,Pharma,1,5/7/2016 8:59,12.99922648,77.50972351,12.90279672,77.5357785
5687393,PackagedFood,2,5/6/2016 10:21,12.92454656,77.65041681,13.05993688,77.6032172
5687394,Pharma,1,5/4/2016 4:37,12.99531457,77.52652818,12.9692746,77.5972852
5687395,HomeFurniture,1,5/6/2016 12:25,13.05761943,77.58207902,13.01843809,77.54612935
5687396,Electricals,1,5/6/2016 7:12,12.95715834,77.6798256,12.98090988,77.60674596
5687397,CPG,2,5/5/2016 23:50,12.94322651,77.58579033,13.03865351,77.56122949
5687398,PackagedFood,1,5/6/2016 21:14,12.97231418,77.55927368,12.93680693,77.53389424
5687399,Electricals,2,5/5/2016 21:16,12.96213119,77.61221698,12.99508434,77.54547207
5687400,PackagedFood,2,5/7/2016 14:05,12.94892499,77.64962694,13.04581333,77.6204485
5687401,Pharma,2,5/7/2016 21:03,12.92474054,77.56511411,12.96084198,77.59722957
5687402,PackagedFood,1,5/6/2016 12:36,12.94492348,77.58480968,12.90488052,77.62857518
5687403,Apparel,2,5/7/2016 18:40,12.93184838,77.62244456,12.97630877,77.67191884
5687404,PackagedFood,2,5/7/2016 15:11,12.93110837,77.63933074,12.95091131,77.60607342
5687405,PackagedFood,1,5/5/2016 17:23,13.00815556,77.53454166,13.00488721,77.62151041
5687406,Pharma,2,5/6/2016 14:44,12.93844561,77.53830896,13.05063337,77.56998433
5687407,Pharma,1,5/7/2016 7:54,13.05279535,77.57015912,13.0257795,77.61212835
5687408,Electricals,1,5/5/2016 0:48,12.95591826,77.54331392,12.96513911,77.59093605
5687409,HomeFurniture,2,5/5/2016 23:22,12.89178112,77.56461663,12.92194601,77.60877029
5687410,HomeFurniture,1,5/4/2016 4:01,13.03630218,77.56007353,12.90250068,77.60767539
5687411,PackagedFood,1,5/7/2016 18:53,12.96110915,77.62912586,12.89925697,77.63300143
5687412,CPG,2,5/6/2016 5:08,12.99830525,77.6441616,13.00079666,77.6004037
5687413,Apparel,2,5/4/2016 17:41,13.01659604,77.61062831,12.9997468,77.53959322
5687414,HomeFurniture,2,5/5/2016 14:45,13.02629679,77.53650186,12.99945414,77.63452439
5687415,Electricals,1,5/7/2016 16:44,12.97938426,77.58839372,12.98107921,77.67834394
5687416,HomeFurniture,2,5/5/2016 17:17,12.96954988,77.61834089,12.980681,77.5120666
5687417,Apparel,1,5/4/2016 4:00,12.93377717,77.60653064,12.92005808,77.64626771
5687418,HomeFurniture,2,5/6/2016 22:17,12.97051127,77.66285702,13.00602641,77.51476342
5687419,Apparel,1,5/6/2016 11:46,12.97742879,77.52106606,13.05574416,77.59441558
5687420,PackagedFood,2,5/6/2016 13:15,12.97823054,77.53677361,12.98485357,77.5584803
5687421,Pharma,2,5/6/2016 1:01,12.99244247,77.56630928,12.8904821,77.61578359
5687422,HomeFurniture,1,5/5/2016 6:57,13.03316548,77.53462105,13.03678213,77.59732785
5687423,CPG,2,5/5/2016 3:52,12.9434082,77.64413469,12.99104136,77.64730025
5687424,Electricals,1,5/6/2016 20:21,12.96539646,77.65369585,12.96110696,77.53246825
5687425,HomeFurniture,1,5/5/2016 16:11,12.96782506,77.53462222,12.93972766,77.66894735
5687426,Electricals,2,5/7/2016 9:48,12.89684405,77.61160299,12.95992616,77.68227312
5687427,Pharma,2,5/5/2016 20:50,12.9785087,77.61224697,12.9514062,77.54609184
5687428,Apparel,2,5/6/2016 2:47,12.98478984,77.59395375,12.98284968,77.60530407
5687429,Electricals,1,5/7/2016 16:19,13.04896694,77.57296966,12.95175502,77.52663239
5687430,Electricals,2,5/7/2016 11:01,12.99905609,77.53885344,12.97387048,77.53445476
5687431,PackagedFood,1,5/4/2016 18:06,12.91753909,77.57476006,13.00897356,77.55671248
5687432,HomeFurniture,1,5/7/2016 19:53,12.90849748,77.56680434,12.93733692,77.60001907
5687433,Apparel,1,5/4/2016 16:36,12.90038511,77.59027444,13.0076413,77.52148085
5687434,CPG,2,5/6/2016 21:20,12.88692062,77.58024885,13.0558465,77.60111951
5687435,PackagedFood,1,5/4/2016 11:03,12.90193454,77.61513163,13.0175658,77.62458456
5687436,HomeFurniture,1,5/7/2016 5:40,13.04229678,77.61878949,13.00850645,77.59030851
5687437,Pharma,2,5/5/2016 12:26,13.01254354,77.66633323,13.03712268,77.60064917
5687438,Electricals,2,5/5/2016 18:51,13.04300585,77.61402753,13.03791613,77.61100348
5687439,PackagedFood,2,5/4/2016 11:36,12.92998673,77.54039605,12.99117915,77.67178676
5687440,CPG,2,5/6/2016 5:53,12.90196124,77.55571199,12.98389327,77.5203961
5687441,PackagedFood,1,5/7/2016 4:56,12.89852253,77.62926208,12.95772945,77.5820247
5687442,Pharma,1,5/5/2016 19:59,12.94577769,77.62293567,13.02091314,77.58802617
5687443,Pharma,1,5/5/2016 12:33,12.97356721,77.57994855,12.99261643,77.58795402
5687444,CPG,1,5/5/2016 13:11,12.99394718,77.57924352,12.93752539,77.51946989
5687445,PackagedFood,2,5/4/2016 3:27,12.97559326,77.51183723,12.96767601,77.58684354
5687446,CPG,2,5/6/2016 4:12,12.95998504,77.56190265,12.90565351,77.54872618
5687447,PackagedFood,2,5/6/2016 18:47,12.99166726,77.55021623,12.9737864,77.55403878
5687448,Apparel,2,5/7/2016 14:56,12.90372582,77.57621996,13.05165396,77.63004265
5687449,CPG,2,5/5/2016 14:21,12.97257871,77.65523607,12.96339468,77.64038646
5687450,Pharma,2,5/7/2016 18:22,13.02683827,77.59487413,13.01212207,77.57961615
5687451,HomeFurniture,1,5/7/2016 15:37,13.02512466,77.60594596,12.94407536,77.59643223
5687452,Apparel,2,5/7/2016 4:39,13.04928954,77.63617627,13.0143083,77.64172116
5687453,Pharma,2,5/6/2016 18:03,12.92930029,77.64056732,12.97249962,77.60090847
5687454,Pharma,2,5/4/2016 23:00,12.90590615,77.59569408,12.95371285,77.54426443
5687455,Pharma,1,5/4/2016 18:02,12.94541427,77.52115965,12.94474517,77.6722663
5687456,PackagedFood,1,5/4/2016 20:32,12.99787136,77.59023487,12.91486364,77.65059321
5687457,Apparel,1,5/6/2016 18:07,12.96480201,77.58490509,12.89682875,77.61226135
5687458,Apparel,1,5/6/2016 20:44,13.00919838,77.6721784,12.98227124,77.53248085
5687459,Apparel,2,5/7/2016 22:52,12.96990204,77.56875,12.97299366,77.52153102
5687460,PackagedFood,1,5/4/2016 17:40,12.94347886,77.53028972,12.96323764,77.5626755
5687461,CPG,1,5/7/2016 0:54,12.91876608,77.62127788,12.90423511,77.63738962
5687462,PackagedFood,2,5/4/2016 17:35,13.03117091,77.60663917,12.96564826,77.61715664
5687463,HomeFurniture,2,5/5/2016 6:01,12.95837086,77.54628445,13.01758273,77.56437959
5687464,PackagedFood,1,5/6/2016 22:15,13.00521262,77.59548263,12.90550213,77.60805567
5687465,CPG,1,5/5/2016 2:51,12.95393462,77.63271406,12.95324782,77.56628377
5687466,Apparel,1,5/5/2016 22:59,13.00477575,77.62575542,13.03375336,77.60883994
5687467,PackagedFood,1,5/7/2016 12:41,12.90114691,77.5693492,12.94657743,77.61704769
5687468,HomeFurniture,2,5/4/2016 20:36,12.9223083,77.55329969,12.93709024,77.52400708
5687469,PackagedFood,1,5/6/2016 17:27,12.89401996,77.58098704,13.02567273,77.532107
5687470,PackagedFood,1,5/4/2016 8:08,13.05126967,77.59913857,12.97591873,77.54298907
5687471,HomeFurniture,1,5/5/2016 16:12,12.96480264,77.56091255,12.94723239,77.6217093
5687472,PackagedFood,1,5/4/2016 15:28,12.88353631,77.58363111,12.98547434,77.60953838
5687473,HomeFurniture,2,5/4/2016 0:55,13.03485249,77.57535982,12.89422867,77.61268257
5687474,Apparel,2,5/5/2016 5:30,13.02405607,77.53788279,13.00691052,77.56337487
5687475,Electricals,1,5/6/2016 21:52,13.04190036,77.59253505,12.89753384,77.62548791
5687476,Electricals,1,5/7/2016 3:55,13.008439,77.64757281,12.99383604,77.61329836
5687477,PackagedFood,1,5/5/2016 9:30,13.05277065,77.56393432,13.00795583,77.60802352
5687478,Apparel,1,5/4/2016 7:50,12.92323514,77.59431389,12.99216547,77.61432204
5687479,Pharma,1,5/4/2016 4:37,12.93241542,77.67060064,12.98557756,77.51958614
5687480,Pharma,2,5/7/2016 17:29,12.93228497,77.58343378,13.03740165,77.63374865
5687481,Apparel,2,5/4/2016 1:18,12.96962452,77.6728647,12.9802633,77.65599269
5687482,Apparel,2,5/5/2016 23:56,12.96944502,77.52607219,12.9632185,77.61160055
5687483,CPG,2,5/5/2016 2:23,12.96121234,77.54151071,12.92820443,77.51395387
5687484,HomeFurniture,1,5/4/2016 8:36,12.94839751,77.58596341,12.93374112,77.55296579
5687485,Pharma,1,5/5/2016 20:28,13.00935928,77.58852223,12.99579598,77.53423123
5687486,Apparel,1,5/4/2016 17:14,12.90434563,77.62027067,12.93243111,77.56170744
5687487,CPG,2,5/6/2016 0:05,13.01888658,77.63513701,12.98587762,77.53943466
5687488,HomeFurniture,2,5/4/2016 22:23,12.9572501,77.54359937,13.03201883,77.55049176
5687489,HomeFurniture,2,5/4/2016 6:47,13.03491925,77.63318337,13.04497754,77.568497
5687490,HomeFurniture,1,5/6/2016 18:06,12.93343543,77.65802677,13.00553738,77.59006048
5687491,Apparel,2,5/5/2016 16:34,12.93959489,77.57326473,12.94857817,77.54788718
5687492,HomeFurniture,1,5/7/2016 1:01,12.98528442,77.67876469,13.00113848,77.56719573
5687493,HomeFurniture,2,5/7/2016 13:49,12.93523763,77.60528658,13.03747088,77.63335662
5687494,Pharma,2,5/7/2016 11:01,12.99248554,77.65532454,13.01188668,77.6709242
5687495,Apparel,2,5/7/2016 14:30,13.03037624,77.55520781,12.9186246,77.64646081
5687496,PackagedFood,1,5/5/2016 4:36,12.95442938,77.50486344,12.99552735,77.54669259
5687497,Apparel,2,5/6/2016 23:29,12.97418116,77.64127164,13.05725358,77.58068735
5687498,HomeFurniture,1,5/5/2016 10:33,12.97185828,77.59422677,12.94445461,77.63201555
5687499,Apparel,2,5/5/2016 23:52,12.90015917,77.64863607,13.05230611,77.55467236
5687500,PackagedFood,1,5/5/2016 19:59,12.99185066,77.57813348,13.03382059,77.53605374
5687501,Electricals,1,5/7/2016 2:46,12.95800792,77.65097278,13.03400329,77.55889062
5687502,Apparel,2,5/6/2016 0:00,13.00279235,77.67301483,12.94264432,77.65866907
5687503,Pharma,2,5/7/2016 4:19,12.90635942,77.61437192,12.9577356,77.67772484
5687504,HomeFurniture,2,5/6/2016 19:35,12.9887083,77.64995182,12.98304345,77.54565527
5687505,Electricals,2,5/4/2016 3:22,12.96941111,77.5679525,13.01292571,77.61165653
5687506,CPG,2,5/5/2016 17:16,13.01743838,77.52450701,12.99692178,77.55121593
5687507,CPG,2,5/7/2016 2:47,12.94344773,77.54809004,13.0336543,77.65131697
5687508,Apparel,2,5/6/2016 21:53,13.01214783,77.59948233,12.92980921,77.56189951
5687509,Pharma,2,5/7/2016 9:32,12.96994532,77.51817246,12.9242961,77.52339621
5687510,Pharma,2,5/4/2016 0:45,13.01499926,77.61630779,13.02129492,77.6153436
5687511,HomeFurniture,1,5/6/2016 2:42,12.93919741,77.56272122,13.0350651,77.53504939
5687512,HomeFurniture,2,5/7/2016 14:05,13.04613374,77.61731564,13.02019546,77.6250311
5687513,HomeFurniture,1,5/5/2016 19:38,12.96399727,77.54899216,12.97392652,77.67812304
5687514,HomeFurniture,2,5/4/2016 2:58,12.96498299,77.52207792,12.88436851,77.60008834
5687515,Pharma,1,5/5/2016 10:58,12.95516865,77.53705542,12.95549043,77.55845115
5687516,PackagedFood,1,5/4/2016 12:55,12.9823397,77.68414542,12.98203585,77.51663725
5687517,CPG,1,5/7/2016 13:59,12.9705433,77.66150845,13.03792459,77.53414091
5687518,Pharma,1,5/5/2016 11:11,12.98387862,77.66880213,12.98270007,77.60578406
5687519,CPG,1,5/6/2016 9:52,12.93746981,77.5992963,13.05050773,77.56082307
5687520,Electricals,1,5/5/2016 20:53,13.02950363,77.60530949,12.97459675,77.56045686
5687521,HomeFurniture,1,5/7/2016 1:19,12.93704001,77.61253443,12.95558424,77.62995134
5687522,HomeFurniture,2,5/7/2016 7:38,12.97909605,77.50737724,12.99194327,77.51079444
5687523,CPG,2,5/7/2016 17:19,13.04219597,77.62382668,13.02668079,77.6636412
5687524,Apparel,1,5/6/2016 7:55,13.01966344,77.61888345,12.95078915,77.59883166
5687525,PackagedFood,1,5/6/2016 8:59,13.00360847,77.55547697,12.95267916,77.58221774
5687526,CPG,1,5/5/2016 14:06,13.02314028,77.57961707,12.97981173,77.67610075
5687527,PackagedFood,2,5/5/2016 18:13,12.90864807,77.56345038,12.96542703,77.54374131
5687528,Apparel,2,5/7/2016 5:16,12.99058228,77.618519,13.02433264,77.6253383
5687529,CPG,1,5/4/2016 21:19,13.00972837,77.59534552,12.9099794,77.58384826
5687530,Apparel,2,5/7/2016 10:15,13.00910098,77.63634325,12.90902728,77.63100023
5687531,PackagedFood,1,5/6/2016 17:27,12.92408559,77.537208,12.97696021,77.66251102
5687532,HomeFurniture,2,5/5/2016 15:48,12.96027917,77.54943479,12.98922844,77.61516436
5687533,HomeFurniture,2,5/5/2016 9:17,13.00171177,77.61058805,13.00463976,77.52369168
5687534,Pharma,1,5/7/2016 17:24,12.89624163,77.64208309,13.03957196,77.61433314
5687535,Apparel,2,5/6/2016 17:56,13.02151929,77.61033578,12.95175577,77.60279497
5687536,CPG,2,5/5/2016 2:37,13.01162283,77.67069646,12.92348327,77.66068603
5687537,Pharma,1,5/6/2016 11:06,12.963052,77.52440685,12.9795985,77.57003856
5687538,Pharma,1,5/4/2016 5:07,12.95367193,77.53691952,12.9165314,77.66123505
5687539,CPG,2,5/5/2016 6:36,12.92636607,77.53873885,13.05103753,77.57474211
5687540,Electricals,2,5/7/2016 3:26,13.02533236,77.65829045,12.97728497,77.68015312
5687541,Apparel,1,5/5/2016 20:01,12.94812797,77.62283491,13.03795077,77.54654514
5687542,HomeFurniture,1,5/6/2016 8:28,12.93201939,77.5373587,12.92818479,77.51652314
5687543,Pharma,1,5/4/2016 5:09,13.02795471,77.60887362,12.97252887,77.68123054
5687544,PackagedFood,1,5/5/2016 14:46,12.99780556,77.61213629,13.03249032,77.56013792
5687545,CPG,1,5/4/2016 17:12,12.92690582,77.63238607,13.04706858,77.62177171
5687546,Pharma,2,5/6/2016 15:49,12.991159,77.60879641,12.97993033,77.53887008
5687547,HomeFurniture,2,5/7/2016 16:12,12.92341413,77.53415106,13.04149739,77.58585314
5687548,Electricals,2,5/6/2016 18:41,12.98392695,77.64123077,13.01062774,77.6748014
5687549,HomeFurniture,2,5/6/2016 13:54,12.99587517,77.66481028,13.04470669,77.58774277
5687550,CPG,1,5/7/2016 19:11,12.97997399,77.64802087,12.88882966,77.58842976
5687551,CPG,2,5/5/2016 11:50,13.03364168,77.56299348,12.98582405,77.59539781
5687552,HomeFurniture,2,5/4/2016 13:15,12.95917054,77.61861291,12.95197292,77.55645238
5687553,Pharma,2,5/6/2016 4:37,12.96960784,77.54028875,13.03183501,77.54430345
5687554,PackagedFood,2,5/4/2016 19:30,13.0141714,77.52881381,12.93804233,77.51862464
5687555,Apparel,1,5/6/2016 0:09,12.95414745,77.51995492,12.93793636,77.55928554
5687556,HomeFurniture,2,5/4/2016 9:01,13.02122778,77.67067277,12.92883248,77.55937368
5687557,Electricals,1,5/6/2016 19:19,12.9987865,77.60017963,13.05802695,77.60823654
5687558,Electricals,2,5/5/2016 14:51,12.92595853,77.56084069,12.99086295,77.52417286
5687559,Pharma,1,5/6/2016 6:21,13.01797269,77.55753309,13.03886022,77.57856399
5687560,Electricals,2,5/6/2016 17:51,12.97813395,77.6297639,13.03882823,77.62140441
5687561,HomeFurniture,2,5/5/2016 2:51,12.91338042,77.66393764,12.91510221,77.61232665
5687562,Pharma,2,5/5/2016 18:01,12.89840946,77.62560817,13.01558547,77.55301814
5687563,Electricals,1,5/7/2016 23:13,13.04781411,77.57140862,12.94400349,77.59421205
5687564,HomeFurniture,1,5/7/2016 15:10,12.90046987,77.56957127,12.95541216,77.60078275
5687565,Pharma,1,5/5/2016 5:29,12.9234151,77.58637934,12.92230841,77.65527376
5687566,HomeFurniture,2,5/7/2016 2:22,12.96601718,77.64351808,13.01176539,77.67089158
5687567,Electricals,2,5/6/2016 9:08,12.92834304,77.64783434,12.91317289,77.65184652
5687568,Pharma,2,5/5/2016 13:05,12.99554858,77.64051206,12.96756079,77.52190447
5687569,Electricals,2,5/4/2016 19:48,13.00271018,77.55486232,12.96487822,77.63938757
5687570,HomeFurniture,1,5/7/2016 5:55,13.05866102,77.57304329,12.90948377,77.54883756
5687571,Apparel,1,5/4/2016 7:57,13.00526307,77.65749997,13.00752206,77.58450381
5687572,HomeFurniture,1,5/5/2016 23:27,12.92883552,77.58649315,13.00754146,77.56321121
5687573,HomeFurniture,1,5/7/2016 4:19,12.98966928,77.51320168,12.97512066,77.56062007
5687574,Pharma,2,5/4/2016 4:19,12.97878186,77.68490502,12.95831526,77.57488241
5687575,Electricals,1,5/7/2016 8:38,12.99288582,77.58988918,12.92440719,77.55717432
5687576,Apparel,1,5/4/2016 5:23,12.95024888,77.58309666,13.037842,77.65107383
5687577,Electricals,2,5/6/2016 8:21,12.93758644,77.61302303,12.99990005,77.54379816
5687578,HomeFurniture,1,5/6/2016 15:35,12.93184864,77.63956239,13.00946254,77.62810137
5687579,Electricals,2,5/4/2016 23:40,12.93356551,77.61353439,12.96162689,77.57800015
5687580,Apparel,1,5/4/2016 19:15,12.9870953,77.6659378,13.04420185,77.58957314
5687581,HomeFurniture,2,5/6/2016 17:35,12.9622158,77.5321995,13.02386039,77.64440502
5687582,Pharma,2,5/4/2016 20:06,12.89342074,77.55663481,12.93715586,77.6132442
5687583,Apparel,1,5/4/2016 21:45,13.03385711,77.57298312,12.93067156,77.54802842
5687584,HomeFurniture,1,5/4/2016 4:30,12.94262963,77.60879352,12.96587618,77.55408406
5687585,CPG,1,5/7/2016 14:50,12.99277365,77.61083759,12.93273146,77.66113425
5687586,HomeFurniture,2,5/6/2016 8:36,13.00801944,77.67804621,12.89946212,77.63333098
5687587,Electricals,2,5/5/2016 1:54,13.04004257,77.54010377,12.9780724,77.6647502
5687588,PackagedFood,2,5/4/2016 6:54,12.92773041,77.52087568,13.04013331,77.63940115
5687589,PackagedFood,2,5/5/2016 10:12,12.9362044,77.67246166,12.93795576,77.59138727
5687590,PackagedFood,1,5/5/2016 8:07,12.91127513,77.62639655,12.924722,77.6555596
5687591,CPG,2,5/4/2016 22:36,12.89998109,77.59169927,12.94657546,77.61742083
5687592,Apparel,2,5/7/2016 15:41,13.01392529,77.58751788,13.04169556,77.65070083
5687593,PackagedFood,1,5/6/2016 16:57,12.89818206,77.64769458,12.97899119,77.55971897
5687594,PackagedFood,1,5/7/2016 20:35,12.98645085,77.66063834,13.02289052,77.63050195
5687595,Pharma,2,5/7/2016 11:32,13.0262926,77.65013605,12.93965598,77.66489812
5687596,Electricals,2,5/6/2016 15:05,12.92845694,77.67475725,12.93407889,77.52556224
5687597,Electricals,2,5/5/2016 8:11,12.95937027,77.58161181,12.97293394,77.67651408
5687598,Pharma,2,5/5/2016 18:39,12.96097049,77.58603785,13.04752612,77.56054575
5687599,CPG,1,5/7/2016 2:09,12.91245924,77.59698119,12.94298186,77.63855856
5687600,Apparel,1,5/4/2016 5:15,13.02932314,77.63100893,12.91628202,77.54922283
5687601,CPG,2,5/6/2016 23:29,13.03528629,77.63814614,12.94300756,77.51462456
5687602,HomeFurniture,1,5/4/2016 10:14,12.9691844,77.55977863,12.95944949,77.61883713
5687603,Electricals,1,5/4/2016 13:45,13.04730746,77.57596208,12.98497059,77.65434499
5687604,PackagedFood,2,5/5/2016 22:54,12.88472522,77.59449287,13.04594875,77.59784967
5687605,Pharma,2,5/6/2016 15:03,12.96486181,77.62123123,12.8902685,77.62002718
5687606,HomeFurniture,2,5/6/2016 19:43,12.99330544,77.55532765,13.00504321,77.64924234
5687607,HomeFurniture,1,5/7/2016 20:05,12.97632186,77.6529945,12.92040283,77.59630431
5687608,PackagedFood,1,5/7/2016 4:45,12.90370901,77.59446563,12.91489584,77.57149305
5687609,Apparel,2,5/5/2016 16:20,12.95927284,77.65996158,12.90455616,77.54478944
5687610,PackagedFood,1,5/7/2016 13:24,12.90517302,77.61572169,12.96721895,77.61463248
5687611,Pharma,2,5/7/2016 17:19,12.98632838,77.59204396,13.00374699,77.5862239
5687612,HomeFurniture,2,5/5/2016 19:40,12.95340464,77.52191017,13.04186126,77.57958852
5687613,Apparel,2,5/5/2016 5:51,12.90607609,77.64300267,12.9211172,77.59072013
5687614,Electricals,1,5/6/2016 21:59,12.98401739,77.68564594,12.95075713,77.62380691
5687615,HomeFurniture,2,5/5/2016 15:41,12.95502147,77.64213639,12.9863329,77.67499828
5687616,Electricals,2,5/4/2016 22:39,13.0413082,77.61302945,13.04157189,77.64229492
5687617,Electricals,2,5/5/2016 20:10,13.03846355,77.58940862,13.01865259,77.64825261
5687618,HomeFurniture,1,5/7/2016 3:13,12.89223081,77.62007718,13.03366422,77.58015495
5687619,CPG,1,5/7/2016 14:36,12.91983894,77.56123803,13.05280995,77.61861531
5687620,Apparel,1,5/7/2016 7:45,12.88678953,77.60446871,13.01719118,77.6615943
5687621,Apparel,1,5/4/2016 8:21,13.00436085,77.60344569,12.98366621,77.55774861
5687622,Electricals,1,5/6/2016 3:29,12.90977552,77.64876805,13.02746236,77.54680163
5687623,HomeFurniture,1,5/5/2016 12:54,12.994398,77.55444137,12.98283771,77.52694481
5687624,CPG,2,5/5/2016 19:51,12.96893088,77.68269495,12.9832032,77.6282796
5687625,PackagedFood,2,5/7/2016 9:05,12.93435138,77.52595037,13.05133346,77.60275731
5687626,CPG,1,5/7/2016 19:47,13.03828789,77.56678521,12.91749208,77.57047381
5687627,CPG,2,5/7/2016 7:59,12.97664565,77.53737559,12.99738985,77.66358286
5687628,Pharma,1,5/6/2016 5:25,12.98899932,77.55263974,12.91724391,77.56484183
5687629,PackagedFood,1,5/6/2016 12:43,12.95046376,77.64289305,12.94761875,77.5822495
5687630,CPG,2,5/4/2016 7:45,13.00928364,77.61437357,12.99458416,77.51776653
5687631,Apparel,2,5/4/2016 17:09,12.96415229,77.54008344,12.95068453,77.61541231
5687632,CPG,2,5/7/2016 0:42,13.01767074,77.56139551,12.93683934,77.62382852
5687633,Apparel,2,5/6/2016 20:36,13.00727792,77.63197954,12.9529094,77.55548285
5687634,Pharma,1,5/5/2016 5:19,12.91792116,77.6677152,13.01380367,77.53290601
5687635,CPG,1,5/7/2016 20:27,12.93458387,77.64910675,13.00468372,77.66465502
5687636,PackagedFood,1,5/6/2016 13:41,12.9971871,77.6683899,12.99654229,77.63028498
5687637,CPG,1,5/7/2016 3:02,12.91337824,77.53925685,12.93838966,77.67192334
5687638,Apparel,1,5/5/2016 22:01,12.98072102,77.59757426,13.00362218,77.52267266
5687639,PackagedFood,1,5/7/2016 3:21,12.99674999,77.62200043,12.94489305,77.66268256
5687640,CPG,2,5/4/2016 17:02,12.96206564,77.64353291,12.88753461,77.56278246
5687641,CPG,1,5/7/2016 7:48,12.94654104,77.59713408,13.0189695,77.53913693
5687642,Apparel,2,5/7/2016 6:06,13.00410691,77.5299602,12.92659187,77.61272121
5687643,HomeFurniture,1,5/6/2016 13:48,13.0044557,77.66818644,12.91550345,77.61341599
5687644,CPG,1,5/5/2016 6:31,13.01841213,77.60294811,12.93314687,77.66897938
5687645,PackagedFood,2,5/5/2016 8:50,12.91170487,77.62136879,12.90548175,77.60849905
5687646,HomeFurniture,2,5/4/2016 20:58,12.97470497,77.51481115,12.93042559,77.62170458
5687647,Pharma,2,5/5/2016 19:42,12.93809651,77.58678507,12.96254284,77.66648846
5687648,Electricals,1,5/4/2016 13:23,13.03036792,77.64171849,12.91393318,77.57903337
5687649,Pharma,1,5/7/2016 22:03,12.97242979,77.50346154,12.90518162,77.61861669
5687650,Electricals,2,5/4/2016 23:59,12.94734553,77.57229568,13.04090192,77.55806566
5687651,HomeFurniture,1,5/4/2016 6:27,13.00491084,77.66580186,12.92415098,77.52666557
5687652,Electricals,2,5/5/2016 10:46,12.91351442,77.55745061,12.90438795,77.60926138
5687653,CPG,1,5/6/2016 11:43,12.99575393,77.51829166,12.89424908,77.54756195
5687654,HomeFurniture,2,5/4/2016 8:49,12.98967523,77.61039974,12.99712737,77.55145619
5687655,PackagedFood,1,5/6/2016 21:26,13.04702282,77.63459104,13.04833802,77.57462341
5687656,CPG,2,5/5/2016 9:00,12.89744966,77.62950594,12.9089998,77.58149132
5687657,Apparel,1,5/4/2016 23:16,12.99275357,77.67785383,12.95729062,77.58294851
5687658,Electricals,1,5/7/2016 0:28,12.98371328,77.61678255,13.04433222,77.57461034
5687659,Apparel,1,5/4/2016 7:16,12.99273341,77.67347146,13.0241834,77.52116202
5687660,CPG,1,5/5/2016 19:58,13.03196476,77.59763832,13.00868308,77.64479459
5687661,Electricals,1,5/7/2016 11:21,13.00327918,77.57539187,12.91878824,77.57874414
5687662,HomeFurniture,2,5/5/2016 22:03,12.97191325,77.57078052,13.020676,77.58653683
5687663,Electricals,1,5/4/2016 12:06,12.8928999,77.55656737,12.91320137,77.62453504
5687664,HomeFurniture,1,5/6/2016 2:08,13.05344506,77.55772776,12.91716245,77.54064664
5687665,Apparel,1,5/5/2016 15:06,12.93657739,77.52017906,13.02972734,77.64727414
5687666,Apparel,1,5/6/2016 10:04,13.05018254,77.62032132,12.96125448,77.50706386
5687667,Apparel,1,5/7/2016 18:22,12.98445028,77.56300845,12.89501011,77.63849958
5687668,Electricals,2,5/4/2016 16:04,12.9528432,77.68320717,12.91571335,77.55273666
5687669,HomeFurniture,2,5/4/2016 19:51,13.01565926,77.57618191,12.93079377,77.52751183
5687670,Apparel,2,5/4/2016 10:10,12.95530572,77.6563961,12.94274811,77.56112385
5687671,HomeFurniture,2,5/6/2016 9:31,13.03713103,77.56651649,12.90486051,77.61150093
5687672,PackagedFood,2,5/7/2016 5:54,13.00863364,77.57103121,12.94830997,77.6618172
5687673,HomeFurniture,1,5/7/2016 8:40,12.895951,77.62437039,12.95019642,77.55184253
5687674,CPG,1,5/4/2016 8:34,12.95422057,77.63698373,12.93880047,77.61809501
5687675,CPG,2,5/7/2016 7:20,13.04158242,77.54103915,12.97327019,77.56412075
5687676,HomeFurniture,2,5/7/2016 8:02,12.99355246,77.63575743,12.94015592,77.63216862
5687677,Pharma,1,5/7/2016 1:38,12.98508985,77.56761292,12.99616051,77.57181907
5687678,PackagedFood,1,5/4/2016 3:51,12.99108746,77.670283,12.99031963,77.55600895
5687679,HomeFurniture,1,5/7/2016 23:38,12.954916,77.56275657,12.98617463,77.529236
5687680,Pharma,1,5/4/2016 10:56,12.89546197,77.57981639,13.00421251,77.58974459
5687681,PackagedFood,2,5/5/2016 13:09,13.04816365,77.60142736,12.99750751,77.60680496
5687682,PackagedFood,2,5/5/2016 22:21,12.95334612,77.57611033,12.92242509,77.58469041
5687683,CPG,2,5/5/2016 17:10,12.91624618,77.61361268,12.93422346,77.62470865
5687684,HomeFurniture,1,5/7/2016 14:36,12.98708662,77.61285283,12.90010486,77.56934383
5687685,PackagedFood,2,5/6/2016 5:04,12.96789737,77.56851874,12.99724546,77.5375808
5687686,CPG,1,5/7/2016 22:36,12.95568688,77.67045044,12.89129093,77.59354781
5687687,PackagedFood,2,5/5/2016 10:37,12.97024151,77.51128493,12.96534857,77.54706219
5687688,Electricals,1,5/5/2016 23:07,13.01311858,77.53426749,12.98946473,77.57636107
5687689,CPG,2,5/7/2016 7:54,13.01092421,77.59103272,12.91392857,77.62396296
5687690,CPG,2,5/7/2016 9:51,12.95210986,77.59548907,13.00282402,77.54533329
5687691,PackagedFood,1,5/4/2016 5:00,13.01570122,77.51731409,12.88592392,77.56764715
5687692,HomeFurniture,1,5/5/2016 1:53,12.90108102,77.60298597,13.03761224,77.60924422
5687693,Apparel,2,5/5/2016 14:35,12.91173046,77.54892907,12.94017361,77.54107749
5687694,Pharma,2,5/5/2016 13:48,12.94121502,77.58372879,12.98926607,77.6724341
5687695,Apparel,2,5/5/2016 1:01,12.93995061,77.62393452,12.89152923,77.61449141
5687696,Apparel,2,5/7/2016 20:37,13.01844723,77.58072317,12.97566566,77.50679792
5687697,Pharma,1,5/5/2016 17:11,13.00574963,77.57797273,12.92554013,77.65305391
5687698,PackagedFood,2,5/6/2016 7:15,12.99441051,77.51558718,13.0160889,77.60137236
5687699,Apparel,1,5/4/2016 4:15,12.93392455,77.66541563,12.96899347,77.54082296
5687700,HomeFurniture,1,5/6/2016 4:27,12.9625138,77.6678968,13.00674614,77.66953138
5687701,Pharma,2,5/4/2016 10:28,12.88694593,77.60968636,12.93795622,77.53244976
5687702,CPG,1,5/7/2016 16:40,12.92785499,77.6697038,12.97841412,77.62014853
5687703,CPG,1,5/4/2016 22:36,13.0248759,77.64227469,12.93241586,77.59491174
5687704,HomeFurniture,1,5/5/2016 23:25,13.05154518,77.62209101,12.92776608,77.52998706
5687705,Pharma,2,5/5/2016 3:50,12.99070997,77.58955513,13.01644311,77.542656
5687706,PackagedFood,2,5/4/2016 6:35,13.0137932,77.52606281,12.95610782,77.57060152
5687707,HomeFurniture,2,5/6/2016 18:58,13.04649221,77.55653884,13.0068686,77.62746151
5687708,HomeFurniture,1,5/4/2016 8:03,12.99963863,77.65674432,12.96650622,77.60740498
5687709,Pharma,1,5/4/2016 5:56,12.91844497,77.58094234,13.05233618,77.57974829
5687710,CPG,1,5/5/2016 17:30,12.98120595,77.61610248,12.97652412,77.53715448
5687711,Apparel,1,5/5/2016 8:34,12.95058681,77.67532127,12.88725185,77.59505482
5687712,Apparel,1,5/4/2016 1:19,13.04180351,77.59092024,12.92138421,77.58972048
5687713,Apparel,1,5/6/2016 17:11,13.05164439,77.59746121,12.97290514,77.6675217
5687714,CPG,2,5/5/2016 4:39,12.95729043,77.64233682,13.0101768,77.56968922
5687715,PackagedFood,1,5/6/2016 20:46,12.95972087,77.61991902,13.01997761,77.55111714
5687716,PackagedFood,1,5/6/2016 18:27,12.95697843,77.67195269,13.04871448,77.63843734
5687717,Electricals,1,5/6/2016 19:37,12.94224975,77.58733307,12.96239681,77.63812644
5687718,Pharma,2,5/4/2016 3:39,12.9526287,77.60726805,12.96969468,77.52718481
5687719,Apparel,1,5/4/2016 23:39,12.9434451,77.66494811,12.90314336,77.63472241
5687720,Electricals,1,5/5/2016 11:51,12.98059169,77.57968763,12.90349367,77.62835145
5687721,Apparel,2,5/4/2016 4:00,12.99934944,77.65770724,13.02344387,77.62359834
5687722,PackagedFood,1,5/5/2016 14:28,13.04326349,77.56175543,12.91367866,77.59668257
5687723,Electricals,1,5/5/2016 2:17,12.96909299,77.51375698,12.94960884,77.66263641
5687724,Apparel,2,5/4/2016 6:52,12.99608322,77.67150753,12.9175582,77.64744557
5687725,Apparel,2,5/5/2016 12:37,13.04492114,77.56574408,13.02041872,77.61877724
5687726,Apparel,1,5/4/2016 6:57,13.04404234,77.61858293,13.03084511,77.58891832
5687727,CPG,1,5/7/2016 16:21,12.93413071,77.52885291,12.94548973,77.6215799
5687728,Pharma,1,5/4/2016 21:54,12.92643869,77.66112116,12.96912226,77.58485358
5687729,Apparel,1,5/4/2016 9:37,12.93643986,77.64993486,12.98793444,77.62391456
5687730,Apparel,1,5/7/2016 19:28,12.92543617,77.60686233,12.96546714,77.58778955
5687731,PackagedFood,1,5/5/2016 20:38,12.97604696,77.57869557,12.92344889,77.59993849
5687732,Electricals,2,5/6/2016 2:34,12.96000597,77.56009722,12.89497324,77.61414534
5687733,PackagedFood,1,5/4/2016 5:30,12.95532007,77.55135071,12.94728721,77.63191941
5687734,HomeFurniture,2,5/4/2016 9:03,12.9445743,77.6658136,13.00547866,77.62843206
5687735,HomeFurniture,2,5/7/2016 22:15,12.89959599,77.59331384,12.95121438,77.65325031
5687736,HomeFurniture,2,5/6/2016 11:30,12.95677472,77.58840843,13.02583431,77.56195497
5687737,PackagedFood,1,5/6/2016 20:24,12.98271734,77.66287938,12.95382707,77.60019788
5687738,Electricals,2,5/7/2016 11:37,12.92771972,77.58288961,12.96544701,77.5518719
5687739,PackagedFood,2,5/7/2016 10:27,13.02376114,77.55732282,12.94458256,77.68194574
5687740,Pharma,1,5/7/2016 8:38,13.0383113,77.64840119,12.99475899,77.56610155
5687741,PackagedFood,1,5/6/2016 5:36,12.94271144,77.64853248,12.90821344,77.55306067
5687742,CPG,2,5/5/2016 2:12,12.96646039,77.57605252,12.92800868,77.62652706
5687743,HomeFurniture,2,5/5/2016 6:48,13.06126522,77.59634514,12.93195259,77.67052241
5687744,CPG,1,5/4/2016 20:36,12.97593872,77.61497233,13.04158802,77.65040899
5687745,Pharma,1,5/6/2016 22:10,12.94072365,77.61536277,13.01619908,77.55321699
5687746,Electricals,2,5/4/2016 23:15,12.9036653,77.60761095,12.97124929,77.51893035
5687747,PackagedFood,1,5/4/2016 12:42,12.89837753,77.60585813,12.97731293,77.66679719
5687748,HomeFurniture,1,5/7/2016 1:55,13.01475348,77.60464027,13.05080076,77.55400265
5687749,Electricals,2,5/6/2016 8:43,12.93822016,77.61809757,12.91693199,77.52726012
5687750,Pharma,2,5/7/2016 15:45,12.95364578,77.51678692,12.92637042,77.65673352
5687751,CPG,1,5/7/2016 12:32,13.03487752,77.57882746,12.9115885,77.54400982
5687752,Apparel,2,5/5/2016 23:03,12.93811277,77.65601774,12.90401555,77.6071217
5687753,Pharma,1,5/6/2016 11:42,12.93691489,77.66790006,12.90086917,77.56960133
5687754,CPG,2,5/5/2016 14:43,13.00871713,77.5671678,12.98457338,77.58754778
5687755,Apparel,1,5/7/2016 19:59,12.98256943,77.5299885,13.02990108,77.56146086
5687756,CPG,1,5/4/2016 10:33,12.92757638,77.63818364,12.9277564,77.56512144
5687757,Pharma,1,5/7/2016 5:41,12.93649245,77.54176361,12.93109276,77.52593986
5687758,PackagedFood,2,5/7/2016 17:58,12.91429508,77.54698337,12.97463193,77.51513747
5687759,CPG,1,5/5/2016 14:53,12.98674192,77.58408211,13.00479364,77.58324242
5687760,Apparel,1,5/7/2016 16:07,13.02088112,77.54278961,12.93883637,77.66828756
5687761,Pharma,1,5/4/2016 9:02,13.04752103,77.63830558,12.99085614,77.62170874
5687762,CPG,2,5/6/2016 21:17,12.99401154,77.57409549,13.02164252,77.66998218
5687763,PackagedFood,1,5/4/2016 9:22,12.93463247,77.53814303,12.99785678,77.51573586
5687764,HomeFurniture,1,5/4/2016 18:51,13.00099122,77.62861119,13.00932631,77.56625116
5687765,HomeFurniture,1,5/5/2016 21:15,12.89197105,77.61999625,12.99354798,77.5963773
5687766,Electricals,1,5/7/2016 3:03,13.06049668,77.59617359,12.90699506,77.56581655
5687767,CPG,2,5/5/2016 18:55,12.93403601,77.65939809,12.96462972,77.64057311
5687768,PackagedFood,2,5/6/2016 21:09,12.89936643,77.60122254,12.98702969,77.55322777
5687769,Apparel,1,5/6/2016 7:00,12.91458752,77.64127055,12.97292031,77.64157727
5687770,PackagedFood,1,5/4/2016 2:49,12.97876869,77.56564758,13.02185921,77.58173107
5687771,Electricals,1,5/7/2016 4:11,12.99946233,77.66907379,12.91302929,77.5643913
5687772,Apparel,2,5/5/2016 21:52,13.03050832,77.55386018,13.03629128,77.57535295
5687773,Apparel,1,5/4/2016 11:02,13.03160268,77.65505372,12.95221975,77.58469303
5687774,Pharma,2,5/5/2016 0:21,12.91385884,77.55645788,12.97547346,77.51774595
5687775,Apparel,1,5/7/2016 13:07,12.98563922,77.55168211,13.01028513,77.61641313
5687776,PackagedFood,1,5/4/2016 7:25,12.9217382,77.66700907,12.97912449,77.57548361
5687777,Apparel,2,5/4/2016 0:51,13.01703418,77.54945532,12.97917476,77.59561531
5687778,CPG,2,5/4/2016 15:45,12.9516148,77.5327595,12.97248734,77.68325178
5687779,HomeFurniture,1,5/5/2016 18:21,12.99360411,77.62088135,12.89597176,77.56447366
5687780,Apparel,2,5/7/2016 23:47,13.00303765,77.52387723,12.96623704,77.51891881
5687781,CPG,1,5/7/2016 2:28,12.98443978,77.57004209,13.00356102,77.53431023
5687782,HomeFurniture,2,5/7/2016 10:30,12.95607096,77.57623484,13.02858029,77.56269057
5687783,CPG,1,5/5/2016 8:23,12.9502673,77.67686267,12.90226217,77.57633622
5687784,PackagedFood,1,5/4/2016 6:36,12.94654287,77.57553046,12.94117147,77.55863291
5687785,PackagedFood,2,5/5/2016 0:46,12.90312282,77.5777283,12.90801875,77.59261844
5687786,Electricals,1,5/6/2016 5:25,12.95651675,77.52469235,13.02038269,77.59995544
5687787,Electricals,2,5/4/2016 11:16,13.00657495,77.58091175,12.91331756,77.64205717
5687788,Apparel,1,5/4/2016 6:15,12.90008887,77.58855789,12.95396031,77.66387927
5687789,HomeFurniture,2,5/6/2016 11:54,12.9926327,77.53183,12.95575488,77.54629612
5687790,PackagedFood,1,5/6/2016 1:42,13.05141143,77.55859554,12.94660865,77.65323026
5687791,Apparel,1,5/4/2016 18:52,12.91360802,77.60025477,12.9496358,77.55660947
5687792,CPG,1,5/6/2016 0:50,12.91341153,77.55291321,13.01906017,77.52335414
5687793,PackagedFood,2,5/4/2016 10:01,12.98990325,77.57530697,13.03820552,77.63064675
5687794,PackagedFood,2,5/4/2016 9:55,12.92686655,77.63421086,13.01845866,77.66416292
5687795,Pharma,1,5/4/2016 8:42,13.04788264,77.58169295,12.90756816,77.53817496
5687796,Electricals,1,5/6/2016 16:20,12.89255774,77.56255564,12.95052914,77.50855936
5687797,Electricals,2,5/7/2016 1:50,12.93105871,77.63947301,12.8953756,77.60224269
5687798,Pharma,2,5/7/2016 14:08,12.92382465,77.66517289,12.90391558,77.58728279
5687799,Pharma,1,5/5/2016 17:09,13.00585042,77.53180698,12.9472126,77.62563022
5687800,Pharma,1,5/7/2016 16:58,12.95536279,77.62324388,12.96291804,77.54816613
5687801,Pharma,1,5/4/2016 19:57,12.88996852,77.59152455,12.99397702,77.55445483
5687802,HomeFurniture,1,5/7/2016 22:29,12.93392803,77.52225668,12.92330755,77.62788582
5687803,HomeFurniture,1,5/4/2016 6:34,13.03593514,77.64346049,13.01602455,77.65793519
5687804,HomeFurniture,2,5/5/2016 15:27,13.02621751,77.62554541,13.04519395,77.59609775
5687805,CPG,2,5/7/2016 22:27,13.00027029,77.62727259,12.93597496,77.5380015
5687806,Electricals,2,5/4/2016 17:55,12.94768987,77.66583261,12.8993353,77.60071646
5687807,Apparel,1,5/7/2016 21:39,13.05706096,77.56750243,12.95514209,77.51125253
5687808,Pharma,1,5/6/2016 4:10,12.99307814,77.6696179,13.01503535,77.57539884
5687809,HomeFurniture,2,5/7/2016 9:56,13.03685716,77.65690962,12.93735766,77.63489043
5687810,Pharma,1,5/5/2016 5:24,12.92455829,77.61748618,13.04205615,77.62402158
5687811,CPG,1,5/7/2016 0:58,13.04563344,77.57391178,13.03922309,77.62418912
5687812,Apparel,1,5/4/2016 15:56,12.94298002,77.54651512,12.95990503,77.57621773
5687813,Pharma,1,5/6/2016 2:40,12.97184458,77.66736352,12.98833583,77.54494777
5687814,Apparel,2,5/7/2016 22:27,12.93566979,77.6789963,12.99243307,77.63353328
5687815,Pharma,1,5/6/2016 4:46,13.02442107,77.5260306,12.92414933,77.6070463
5687816,Electricals,2,5/6/2016 1:45,12.98495955,77.52616983,12.99355653,77.64921374
5687817,HomeFurniture,2,5/4/2016 14:48,12.93210973,77.58738544,12.95874146,77.57402407
5687818,Electricals,2,5/4/2016 1:23,13.05253611,77.58348298,12.93032145,77.61475773
5687819,HomeFurniture,2,5/4/2016 15:13,12.91303235,77.6318254,13.06100913,77.59169126
5687820,Pharma,2,5/7/2016 11:33,12.891778,77.6156387,12.96894778,77.58266823
5687821,HomeFurniture,2,5/4/2016 23:03,12.9228645,77.63139037,12.99507646,77.55261971
5687822,Apparel,2,5/7/2016 13:47,12.96704198,77.51298419,12.94799751,77.64397957
5687823,PackagedFood,2,5/7/2016 12:35,12.96020046,77.61486982,12.9675169,77.67623436
5687824,CPG,2,5/6/2016 23:14,12.95982948,77.54819281,12.96437902,77.60630976
5687825,HomeFurniture,1,5/7/2016 13:14,12.93689785,77.60600684,12.96186217,77.56324853
5687826,CPG,2,5/7/2016 22:36,13.0521034,77.57255027,12.98008096,77.52283355
5687827,Pharma,1,5/5/2016 20:35,12.92329496,77.54657682,13.0024891,77.66845362
5687828,HomeFurniture,2,5/6/2016 7:31,12.95926467,77.66576702,13.00612358,77.60685018
5687829,Apparel,2,5/6/2016 7:07,13.03231996,77.58859675,12.94582084,77.53559179
5687830,PackagedFood,1,5/4/2016 13:06,12.93877155,77.66066323,12.92346544,77.59436129
5687831,HomeFurniture,2,5/4/2016 1:14,12.93991012,77.58229141,13.03598043,77.6074674
5687832,Pharma,1,5/7/2016 19:14,13.02932941,77.58914355,12.90593631,77.59756465
5687833,Pharma,1,5/7/2016 23:51,12.90861835,77.55478818,13.05802249,77.58895909
5687834,CPG,1,5/7/2016 14:37,12.91093539,77.64708731,12.91564973,77.61997799
5687835,Pharma,2,5/7/2016 7:22,12.91561238,77.55568311,12.89569832,77.60246535
5687836,CPG,1,5/7/2016 14:50,12.96175755,77.64352096,12.9278877,77.62299928
5687837,CPG,1,5/4/2016 16:32,13.00449871,77.51287967,12.96748665,77.57550589
5687838,Electricals,1,5/6/2016 20:52,13.02069039,77.52790881,13.03336243,77.56784946
5687839,CPG,2,5/7/2016 7:23,13.01984865,77.5254473,13.03155652,77.59844756
5687840,Pharma,2,5/6/2016 17:31,12.96684304,77.62284366,12.98938376,77.66806298
5687841,Pharma,1,5/7/2016 17:19,13.03542166,77.65163264,12.96861647,77.55783153
5687842,Apparel,1,5/6/2016 1:09,13.0474458,77.61379458,13.00166111,77.57892138
5687843,CPG,2,5/6/2016 0:24,12.96439556,77.51364488,13.03708327,77.57557245
5687844,HomeFurniture,1,5/7/2016 3:30,12.97032996,77.63176123,12.99195419,77.62348074
5687845,CPG,2,5/4/2016 3:15,13.02389492,77.55764963,12.90127496,77.56706866
5687846,Apparel,1,5/6/2016 10:25,13.02455412,77.5324863,13.03593871,77.55860879
5687847,Pharma,2,5/4/2016 21:39,13.00443784,77.67678338,12.98013888,77.53283159
5687848,Electricals,2,5/4/2016 11:37,13.04374596,77.61766192,13.00807637,77.61243239
5687849,PackagedFood,2,5/7/2016 3:06,13.05730747,77.56951694,12.92893896,77.53698127
5687850,HomeFurniture,2,5/6/2016 6:54,12.96024858,77.51939454,13.01338677,77.52292099
5687851,HomeFurniture,2,5/5/2016 2:59,12.96877832,77.63653817,12.99243675,77.54593383
5687852,Apparel,2,5/4/2016 10:36,13.00263102,77.5294258,12.98224264,77.63453036
5687853,PackagedFood,2,5/4/2016 14:51,12.93789976,77.6325763,12.91554754,77.55494938
5687854,Pharma,2,5/4/2016 0:08,12.90607709,77.57610644,12.91912213,77.66605745
5687855,HomeFurniture,1,5/4/2016 2:09,13.00373188,77.59482929,12.96991429,77.62639452
5687856,CPG,2,5/5/2016 23:18,12.92714961,77.57481453,12.89793733,77.55483882
5687857,CPG,1,5/7/2016 20:37,12.92786918,77.57728035,13.02620117,77.5310245
5687858,PackagedFood,1,5/4/2016 10:56,12.99974823,77.62645139,13.02954146,77.58494513
5687859,Electricals,2,5/4/2016 6:07,12.93966328,77.56755441,13.02825893,77.65519954
5687860,Apparel,1,5/5/2016 0:55,13.02394507,77.62074215,12.96658764,77.67951625
5687861,PackagedFood,1,5/7/2016 19:12,12.90087084,77.55977557,12.9919297,77.6319469
5687862,PackagedFood,1,5/6/2016 13:23,13.00333029,77.52431549,12.94483575,77.51632763
5687863,HomeFurniture,2,5/4/2016 18:33,13.03054682,77.58212035,12.96707619,77.56556571
5687864,HomeFurniture,2,5/4/2016 20:10,12.97763725,77.57883172,12.92533222,77.61150232
5687865,HomeFurniture,2,5/4/2016 16:06,13.03205543,77.57989553,13.0173847,77.57939152
5687866,HomeFurniture,1,5/7/2016 16:24,13.03722841,77.63473798,13.04264165,77.60776021
5687867,HomeFurniture,1,5/5/2016 2:59,12.92104678,77.52894489,12.98118397,77.65287378
5687868,HomeFurniture,1,5/5/2016 14:18,12.91731051,77.54398936,12.90700709,77.56975932
5687869,HomeFurniture,2,5/4/2016 2:17,12.94701345,77.53822235,12.9585553,77.61654183
5687870,Electricals,2,5/4/2016 3:30,13.03934434,77.63821911,12.99346315,77.52554123
5687871,Pharma,1,5/7/2016 15:17,12.99936879,77.54512264,12.98440192,77.58975887
5687872,PackagedFood,2,5/7/2016 5:01,13.0193195,77.62686065,12.94599458,77.60972568
5687873,HomeFurniture,1,5/6/2016 16:05,12.96806966,77.52527209,12.98741071,77.63008229
5687874,PackagedFood,1,5/4/2016 19:21,13.01592826,77.53113911,12.96508545,77.52534467
5687875,CPG,2,5/4/2016 23:02,13.01661312,77.61992931,12.97448605,77.63865647
5687876,PackagedFood,1,5/7/2016 16:09,13.04121502,77.59230402,12.88357834,77.57764708
5687877,PackagedFood,2,5/7/2016 14:27,13.01090279,77.63372759,13.04414638,77.57071477
5687878,Pharma,2,5/5/2016 8:58,12.92363579,77.56701065,12.93541561,77.62401926
5687879,Apparel,2,5/7/2016 14:33,12.9247069,77.66388244,12.97132233,77.61871816
5687880,Pharma,1,5/7/2016 23:19,12.93259607,77.6678936,12.88325844,77.58243994
5687881,Apparel,1,5/6/2016 11:35,13.03071073,77.55613983,12.89242537,77.62904473
5687882,PackagedFood,2,5/7/2016 16:31,13.0424508,77.60104474,13.01115715,77.62964654
5687883,Pharma,1,5/5/2016 6:48,12.92610966,77.52387115,12.99261174,77.62913563
5687884,HomeFurniture,1,5/5/2016 8:26,13.04326979,77.63543592,12.98315487,77.57772772
5687885,HomeFurniture,2,5/6/2016 9:02,12.95328846,77.54048082,13.0094594,77.6170083
5687886,PackagedFood,1,5/5/2016 19:26,13.03341844,77.65285467,13.03191542,77.63423657
5687887,Apparel,1,5/5/2016 18:51,12.92761676,77.60468035,12.95595363,77.65459543
5687888,Pharma,2,5/5/2016 8:49,13.02966993,77.5693236,12.977509,77.60425518
5687889,CPG,2,5/6/2016 16:34,12.94205865,77.64696616,12.89874818,77.56403434
5687890,Pharma,1,5/4/2016 23:01,12.92026794,77.65996849,12.99709883,77.66059528
5687891,Electricals,1,5/6/2016 3:26,13.04285164,77.56926134,12.97996409,77.63197636
5687892,Pharma,2,5/5/2016 21:15,12.89584613,77.64291741,12.95337746,77.51482817
5687893,Pharma,1,5/7/2016 6:49,12.94593816,77.62586379,12.93860591,77.64823896
5687894,Apparel,2,5/7/2016 1:03,12.99891496,77.54109749,12.90634338,77.60679367
5687895,Apparel,2,5/4/2016 19:11,12.96240074,77.50339864,12.9691482,77.63336416
5687896,HomeFurniture,1,5/5/2016 9:45,13.01293891,77.54121987,12.89886083,77.5896313
5687897,PackagedFood,2,5/4/2016 5:16,13.03001566,77.56560082,13.0397916,77.63268012
5687898,HomeFurniture,1,5/4/2016 15:57,12.95983089,77.59061012,13.02486201,77.53809984
5687899,HomeFurniture,2,5/7/2016 12:45,12.92299002,77.6509794,13.01085285,77.63564418
5687900,HomeFurniture,1,5/7/2016 2:18,12.98410564,77.67602982,12.98975275,77.67678735
5687901,CPG,2,5/6/2016 22:56,12.92995506,77.58596062,13.00849976,77.51663015
5687902,HomeFurniture,2,5/6/2016 15:13,12.97364757,77.53532802,12.93641819,77.65028959
5687903,CPG,2,5/5/2016 6:47,13.05028142,77.58358448,12.95770291,77.5942439
5687904,Apparel,2,5/7/2016 21:43,12.89209214,77.62827578,12.97819447,77.5278306
5687905,CPG,2,5/6/2016 17:53,12.89492251,77.54787019,12.95302467,77.63355925
5687906,Electricals,1,5/5/2016 15:54,12.90919505,77.66043265,13.00546882,77.64634475
5687907,HomeFurniture,1,5/4/2016 5:17,13.01019137,77.54769213,12.95698653,77.53575832
5687908,Electricals,1,5/5/2016 5:42,12.92435606,77.60685596,12.94686765,77.54155828
5687909,CPG,2,5/4/2016 1:45,12.92930614,77.52192352,13.04374128,77.58647032
5687910,PackagedFood,1,5/5/2016 12:50,13.0527686,77.56363342,13.0168259,77.63929286
5687911,Apparel,1,5/5/2016 19:09,12.999956,77.50852819,12.93070331,77.59297389
5687912,HomeFurniture,1,5/6/2016 22:44,12.89228696,77.58627102,12.91822701,77.63799165
5687913,Pharma,1,5/7/2016 7:15,12.98899417,77.67095497,12.98285084,77.56576521
5687914,PackagedFood,2,5/5/2016 17:54,13.05312294,77.62097152,12.92811236,77.53917015
5687915,Pharma,1,5/7/2016 7:53,12.95004614,77.65888998,13.02283909,77.61403695
5687916,PackagedFood,1,5/6/2016 21:06,12.96883877,77.64039022,12.98395461,77.66813014
5687917,CPG,1,5/4/2016 0:07,12.96244645,77.64973299,12.93530468,77.51424853
5687918,Pharma,2,5/4/2016 4:55,12.978583,77.53040364,13.01013425,77.62406675
5687919,PackagedFood,1,5/7/2016 6:59,12.99978675,77.57086075,12.90837513,77.64423791
5687920,Pharma,1,5/4/2016 5:39,13.03432867,77.5562495,12.95723713,77.52206033
5687921,CPG,2,5/6/2016 3:37,12.99764707,77.58366401,13.03059729,77.62400808
5687922,Apparel,2,5/7/2016 0:57,13.05049994,77.62873677,12.96543945,77.60617616
5687923,CPG,1,5/5/2016 1:01,13.00981077,77.62616699,12.97081557,77.65776037
5687924,Pharma,1,5/7/2016 12:20,12.92656887,77.53070469,13.00171887,77.56935871
5687925,PackagedFood,1,5/4/2016 18:49,12.92381161,77.52563681,12.97371659,77.60299531
5687926,Electricals,2,5/5/2016 21:58,12.94629906,77.60884527,12.89831603,77.58513199
5687927,Electricals,2,5/6/2016 4:41,12.9945242,77.66468372,12.92636439,77.64901291
5687928,Apparel,1,5/5/2016 6:12,12.98229129,77.66986173,12.95059613,77.6775618
5687929,HomeFurniture,2,5/5/2016 6:39,13.01075366,77.55381067,13.04110944,77.5983703
5687930,CPG,1,5/5/2016 2:11,13.0278743,77.54937387,12.95333826,77.68025633
5687931,PackagedFood,2,5/6/2016 14:56,12.9109158,77.60002674,12.93735654,77.59140211
5687932,Apparel,2,5/4/2016 14:28,12.95631067,77.58417101,13.00167842,77.64704823
5687933,HomeFurniture,1,5/6/2016 17:57,13.05078813,77.61743922,12.9698464,77.63295048
5687934,Pharma,2,5/6/2016 11:41,12.98666364,77.58950712,12.91765803,77.59010026
5687935,Pharma,2,5/7/2016 2:54,12.90458701,77.53739584,12.90600601,77.61873493
5687936,Apparel,2,5/6/2016 16:40,13.02389292,77.61722051,12.94280219,77.55798014
5687937,PackagedFood,2,5/5/2016 22:48,12.94712694,77.54923214,13.00595624,77.52801829
5687938,HomeFurniture,2,5/7/2016 7:03,12.95206005,77.53573936,12.98946696,77.61978996
5687939,CPG,1,5/4/2016 22:19,12.96349646,77.63033747,13.02842164,77.5623984
5687940,Electricals,1,5/7/2016 3:54,12.95772276,77.51586935,13.03402732,77.63246563
5687941,CPG,1,5/6/2016 16:07,13.05111675,77.62417259,13.00803231,77.59202735
5687942,Electricals,2,5/7/2016 10:07,12.9575512,77.52102507,12.98902591,77.59380021
5687943,Electricals,2,5/5/2016 12:40,12.97021424,77.60857229,12.97245408,77.65387436
5687944,Pharma,2,5/7/2016 10:36,12.9564018,77.50443717,13.04009049,77.54246581
5687945,CPG,1,5/5/2016 1:33,12.88337475,77.57939463,12.91161452,77.60732895
5687946,Pharma,2,5/7/2016 19:15,12.93021334,77.58179509,12.92618302,77.54261379
5687947,HomeFurniture,2,5/7/2016 22:13,12.99668228,77.60140375,12.99532284,77.65128631
5687948,HomeFurniture,1,5/7/2016 12:54,12.92824511,77.51532606,12.98624486,77.67211737
5687949,Apparel,2,5/4/2016 10:47,12.8916721,77.57964439,13.0340957,77.65055216
5687950,CPG,1,5/4/2016 17:49,12.97423491,77.54659133,12.97169761,77.54531121
5687951,CPG,2,5/7/2016 12:47,13.03314087,77.63816723,12.99952517,77.66989398
5687952,Apparel,1,5/7/2016 10:19,13.01540891,77.53451787,12.95135943,77.56221398
5687953,CPG,2,5/6/2016 9:33,12.97744723,77.61996682,12.9616757,77.51269984
5687954,CPG,1,5/6/2016 15:32,12.96081577,77.61440227,13.02293582,77.57983389
5687955,HomeFurniture,2,5/5/2016 3:54,13.01171195,77.6588443,12.8989309,77.61789788
5687956,Pharma,2,5/7/2016 11:10,12.97236033,77.52330992,12.91482703,77.55044529
5687957,Pharma,1,5/5/2016 11:56,13.03862533,77.6191171,13.05957338,77.60229862
5687958,PackagedFood,2,5/7/2016 7:39,12.88238759,77.60302593,13.0289529,77.54058572
5687959,Electricals,1,5/4/2016 18:50,12.99529405,77.6084051,12.92049633,77.54247875
5687960,HomeFurniture,2,5/7/2016 19:04,12.96688367,77.58054036,12.99257202,77.60597133
5687961,PackagedFood,2,5/6/2016 20:14,13.03070014,77.63501216,12.95723251,77.54288506
5687962,CPG,1,5/6/2016 1:36,12.96857121,77.65059032,13.02047852,77.53484793
5687963,PackagedFood,1,5/4/2016 23:27,12.91822526,77.59908162,12.99278526,77.60995688
5687964,CPG,1,5/4/2016 15:16,12.95697451,77.61716029,12.96864457,77.67968267
5687965,HomeFurniture,2,5/7/2016 15:02,12.96550307,77.66368904,12.99399649,77.63186921
5687966,Apparel,1,5/6/2016 21:42,13.02377551,77.57008225,12.99740943,77.67417982
5687967,CPG,1,5/5/2016 22:36,13.01151913,77.60816085,12.92305948,77.55783319
5687968,HomeFurniture,1,5/4/2016 22:13,13.01517618,77.53579596,13.00806462,77.53203775
5687969,CPG,1,5/5/2016 15:06,12.89419126,77.5499407,12.93281998,77.52210449
5687970,Apparel,2,5/5/2016 8:04,12.96072334,77.57410663,12.94169255,77.5586985
5687971,Apparel,1,5/5/2016 12:31,13.01869183,77.58124131,13.03459446,77.6569163
5687972,Pharma,1,5/5/2016 23:57,12.9805296,77.52012746,13.04118664,77.65170877
5687973,PackagedFood,2,5/4/2016 14:35,13.0105339,77.53434337,12.98820547,77.55741933
5687974,Electricals,2,5/4/2016 9:43,12.99058355,77.53568656,12.93045798,77.56526051
5687975,PackagedFood,2,5/7/2016 21:59,12.88891385,77.58484977,13.03596801,77.58825133
5687976,Pharma,2,5/6/2016 10:30,12.9533117,77.54598261,12.9092294,77.59832116
5687977,PackagedFood,1,5/7/2016 14:48,12.94721684,77.51728172,13.01896137,77.63167681
5687978,Pharma,2,5/6/2016 18:52,12.97516525,77.53668912,12.96556697,77.64969768
5687979,Pharma,1,5/7/2016 7:01,12.96054905,77.54887988,12.95329085,77.54580023
5687980,Pharma,2,5/5/2016 22:50,12.94904265,77.64896862,12.98080065,77.68454725
5687981,Electricals,1,5/6/2016 20:14,13.00590817,77.54859005,12.97881825,77.63228298
5687982,Pharma,2,5/5/2016 16:54,13.02645565,77.55067823,13.0393442,77.64380909
5687983,Apparel,2,5/6/2016 1:51,12.91562362,77.55501518,12.9237937,77.65403776
5687984,Apparel,1,5/7/2016 20:54,12.97168781,77.53203331,12.99555674,77.53376204
5687985,HomeFurniture,2,5/7/2016 13:04,12.95997947,77.68367315,12.94928053,77.53552251
5687986,Electricals,1,5/4/2016 16:01,12.99808586,77.53928658,13.02435819,77.54925901
5687987,Pharma,2,5/6/2016 1:24,13.05157792,77.58030747,12.96700893,77.57891217
5687988,HomeFurniture,2,5/4/2016 13:10,12.98892575,77.52581312,13.05050922,77.55718854
5687989,Apparel,2,5/6/2016 11:35,12.9453107,77.55475875,12.93299595,77.66756134
5687990,Electricals,2,5/5/2016 17:09,13.02634737,77.58029316,13.00016725,77.64952389
5687991,PackagedFood,1,5/5/2016 21:29,12.95614507,77.5056745,12.93910756,77.53189156
5687992,Apparel,2,5/7/2016 7:11,12.90399117,77.65477101,12.92058401,77.58842748
5687993,Pharma,2,5/4/2016 15:13,13.00869815,77.64405602,12.98880541,77.57709058
5687994,Apparel,1,5/5/2016 18:31,12.9239261,77.57832106,12.99513413,77.54596558
5687995,PackagedFood,2,5/5/2016 7:31,12.95566849,77.60170983,12.89579559,77.59604958
5687996,CPG,1,5/4/2016 11:12,12.96544199,77.50657405,13.04960051,77.57043299
5687997,Pharma,2,5/7/2016 8:06,12.95131107,77.5485403,13.00391263,77.54692475
5687998,Apparel,1,5/4/2016 17:19,12.92700449,77.64104328,12.89399156,77.56175812
5687999,Electricals,1,5/5/2016 10:45,12.9115776,77.59666714,13.03125808,77.64194813
5688000,HomeFurniture,1,5/4/2016 8:45,12.96739267,77.66121994,12.93204333,77.52877089
5688001,HomeFurniture,1,5/4/2016 11:53,12.91075667,77.59387365,12.95776239,77.54810616
5688002,PackagedFood,1,5/4/2016 8:45,12.90055041,77.62182078,12.93785418,77.67164876
5688003,Electricals,2,5/7/2016 23:52,12.8970162,77.60422935,13.01778876,77.64209728
5688004,CPG,1,5/4/2016 12:45,12.92881081,77.56503113,12.94210694,77.63422978
5688005,HomeFurniture,2,5/4/2016 11:50,12.90447734,77.53607769,12.97284805,77.65668786
5688006,Electricals,1,5/6/2016 23:28,12.93017053,77.63091173,13.04325228,77.63421024
5688007,Apparel,2,5/5/2016 7:33,13.0571622,77.59184534,12.99158953,77.52679341
5688008,HomeFurniture,2,5/4/2016 23:27,12.92121065,77.63619901,12.95001289,77.60534803
5688009,HomeFurniture,2,5/4/2016 8:18,12.91715742,77.66517599,12.95411386,77.65254057
5688010,CPG,2,5/5/2016 21:54,13.01967652,77.65752823,12.89352321,77.56479259
5688011,Apparel,1,5/7/2016 16:35,12.91286611,77.58973506,13.04311532,77.60859536
5688012,CPG,1,5/4/2016 19:21,12.94736662,77.57564667,13.0038212,77.56775087
5688013,PackagedFood,2,5/5/2016 14:27,12.94948832,77.60388699,13.04068239,77.64289919
5688014,PackagedFood,1,5/5/2016 19:01,12.98712042,77.61019214,13.01098724,77.558272
5688015,CPG,2,5/4/2016 19:53,12.9975632,77.56222681,13.00769746,77.58562125
5688016,PackagedFood,1,5/4/2016 21:26,12.89458824,77.6201853,12.91389864,77.58896358
5688017,Electricals,2,5/6/2016 16:18,12.9554235,77.60113297,12.93965814,77.56343578
5688018,Electricals,1,5/6/2016 3:41,13.05919505,77.60480803,12.97487823,77.57302413
5688019,Electricals,1,5/6/2016 3:11,13.0489661,77.564595,13.00333099,77.58229046
5688020,HomeFurniture,1,5/6/2016 2:53,12.88812537,77.57231091,12.93651957,77.66126373
5688021,Pharma,1,5/5/2016 8:42,12.94477564,77.57443337,12.96397181,77.52949638
5688022,HomeFurniture,2,5/5/2016 2:21,12.96858991,77.53622638,12.965387,77.61168663
5688023,HomeFurniture,1,5/4/2016 2:12,12.96043956,77.56177288,12.94051415,77.54961279
5688024,Pharma,1,5/7/2016 10:18,13.00366798,77.54515422,12.93044143,77.56527975
5688025,Apparel,1,5/5/2016 8:17,12.98201668,77.66655272,13.04660124,77.61746387
5688026,Apparel,1,5/4/2016 13:43,12.92320485,77.6541679,12.91300787,77.52619705
5688027,Apparel,1,5/5/2016 20:57,12.93211247,77.51856074,12.98732683,77.5154862
5688028,PackagedFood,2,5/7/2016 3:08,12.97714704,77.63731133,13.00231656,77.61682928
5688029,Pharma,2,5/6/2016 10:21,12.96458628,77.5435853,13.02731992,77.60365825
5688030,CPG,1,5/6/2016 10:30,12.96806107,77.51839481,12.90314578,77.57846653
5688031,Pharma,2,5/6/2016 23:28,12.99044432,77.55809997,12.94558149,77.50759447
5688032,Pharma,1,5/4/2016 18:59,12.99627948,77.61022232,13.055546,77.59106592
5688033,Pharma,2,5/7/2016 7:56,12.93068039,77.57023746,13.01727665,77.58363007
5688034,Pharma,1,5/6/2016 20:37,12.94158472,77.57941243,13.00779091,77.6342618
5688035,CPG,2,5/5/2016 2:58,13.03189655,77.57047374,12.93168216,77.55929788
5688036,CPG,1,5/5/2016 4:21,12.93430106,77.62637523,13.00081714,77.52024996
5688037,CPG,2,5/5/2016 10:20,12.96888015,77.68137733,13.02662324,77.52803178
5688038,PackagedFood,2,5/7/2016 18:53,13.02970916,77.63674411,12.90492753,77.61357307
5688039,Apparel,2,5/6/2016 18:28,12.94194803,77.54171901,13.0139664,77.62217563
5688040,PackagedFood,2,5/4/2016 5:57,12.90467847,77.62711431,12.96757878,77.52031337
5688041,HomeFurniture,1,5/6/2016 6:49,13.06044982,77.58524084,12.99847193,77.5446191
5688042,Pharma,2,5/6/2016 20:48,13.01449422,77.64095455,12.98981474,77.58855042
5688043,HomeFurniture,2,5/4/2016 0:09,12.8866415,77.6137197,12.90994383,77.61046853
5688044,Electricals,2,5/4/2016 11:40,12.93571886,77.59151701,13.04549755,77.61832939
5688045,Electricals,1,5/7/2016 20:22,12.97027087,77.52475495,12.94807698,77.56764521
5688046,Pharma,2,5/4/2016 10:20,12.99391799,77.53342125,12.95874075,77.60366937
5688047,CPG,1,5/6/2016 8:52,12.97982999,77.57406053,12.91254352,77.57426973
5688048,Pharma,2,5/6/2016 3:50,12.94497671,77.54146627,12.97614917,77.65792591
5688049,PackagedFood,1,5/5/2016 5:22,13.02708751,77.55255968,13.00112349,77.65666895
5688050,PackagedFood,1,5/5/2016 20:48,12.96973748,77.55289597,12.98147252,77.59309572
5688051,Apparel,1,5/5/2016 8:04,12.92088231,77.62724151,12.97649846,77.67227077
5688052,Electricals,1,5/4/2016 4:22,12.88968985,77.61399095,13.02715776,77.5236571
5688053,Electricals,1,5/4/2016 1:23,12.98303629,77.5035282,12.91181038,77.64483586
5688054,CPG,1,5/6/2016 16:25,13.009096,77.67817558,12.98600524,77.58987454
5688055,Apparel,2,5/4/2016 9:23,12.88985859,77.5842106,12.99784908,77.64358768
5688056,PackagedFood,2,5/5/2016 7:29,12.89759335,77.63264506,12.89802785,77.59550905
5688057,Electricals,2,5/7/2016 16:01,12.95987493,77.50585754,12.8968043,77.58704553
5688058,PackagedFood,1,5/7/2016 6:06,12.96102197,77.59436122,12.93006904,77.62533464
5688059,Pharma,2,5/7/2016 13:43,12.98298293,77.62114044,13.02266257,77.57350444
5688060,Pharma,1,5/5/2016 19:52,13.02250005,77.60027936,12.99694895,77.60505298
5688061,Electricals,2,5/5/2016 16:43,12.92754601,77.52710649,12.92266563,77.52915924
5688062,HomeFurniture,1,5/7/2016 12:35,12.9596134,77.60642261,12.98428992,77.68546112
5688063,CPG,1,5/4/2016 20:44,12.92839251,77.59969797,12.98043568,77.62550564
5688064,CPG,2,5/6/2016 8:09,12.93118562,77.51422823,13.00379764,77.54160059
5688065,Apparel,2,5/6/2016 13:43,13.00162137,77.63721114,12.97850011,77.5612136
5688066,CPG,1,5/6/2016 8:55,12.8962574,77.62149648,13.02938387,77.59393819
5688067,Apparel,1,5/7/2016 4:46,12.97049939,77.66353127,12.91756869,77.58382877
5688068,HomeFurniture,1,5/6/2016 23:03,12.94022917,77.52043035,12.93843289,77.57739654
5688069,HomeFurniture,2,5/5/2016 18:26,12.91488258,77.61600211,12.94839386,77.62375667
5688070,HomeFurniture,2,5/7/2016 2:59,13.05480693,77.62034391,13.05497927,77.61913239
5688071,Pharma,1,5/4/2016 21:28,13.0366774,77.6121673,12.92185081,77.54965272
5688072,CPG,1,5/4/2016 17:32,12.97919808,77.57426924,12.94340587,77.6361254
5688073,Pharma,1,5/6/2016 2:06,12.93035227,77.55782844,13.04259537,77.56515994
5688074,PackagedFood,1,5/7/2016 15:33,12.94187438,77.63683637,13.01419343,77.5423278
5688075,HomeFurniture,2,5/4/2016 10:11,13.05530415,77.57663789,12.91081257,77.54431442
5688076,PackagedFood,2,5/7/2016 6:18,13.03210174,77.61402547,13.00251331,77.51552004
5688077,HomeFurniture,1,5/7/2016 18:15,12.90872097,77.54510221,12.93309264,77.62441661
5688078,PackagedFood,1,5/5/2016 4:19,12.93973466,77.62503763,13.04857846,77.59577001
5688079,Pharma,1,5/6/2016 12:20,12.9084154,77.58306447,12.90235888,77.63574777
5688080,Pharma,1,5/4/2016 2:28,12.97160835,77.6701422,12.9577222,77.57404723
5688081,HomeFurniture,2,5/6/2016 3:39,12.92641903,77.60999569,13.03826212,77.62309667
5688082,Pharma,1,5/4/2016 3:17,12.90154068,77.55772965,12.89184334,77.57767166
5688083,HomeFurniture,2,5/4/2016 20:36,12.91583372,77.5646754,12.96562308,77.51299921
5688084,Electricals,1,5/4/2016 0:44,13.01130264,77.65774789,13.00977143,77.66471055
5688085,Pharma,2,5/6/2016 13:12,12.94880056,77.58123028,12.96504421,77.65090035
5688086,Electricals,2,5/4/2016 10:13,12.95532041,77.6273647,12.93880403,77.61211253
5688087,CPG,2,5/5/2016 8:10,13.01524137,77.60028749,12.88302229,77.59044675
5688088,PackagedFood,1,5/4/2016 10:43,13.04921792,77.63415355,13.01627352,77.54001089
5688089,CPG,2,5/5/2016 22:21,12.98897814,77.54846544,13.0283888,77.62449397
5688090,Apparel,1,5/7/2016 3:20,13.03744548,77.59295355,12.9704059,77.63020824
5688091,Apparel,2,5/5/2016 11:52,13.00900455,77.65438659,12.93288187,77.55217447
5688092,Apparel,2,5/7/2016 16:35,12.97246859,77.63138401,13.0133666,77.6504359
5688093,HomeFurniture,2,5/4/2016 14:43,12.89737608,77.5747503,12.99909906,77.61384512
5688094,Pharma,1,5/5/2016 6:28,12.90913492,77.62101534,13.00281782,77.5851725
5688095,PackagedFood,2,5/4/2016 20:25,12.90028045,77.553691,12.949557,77.65087568
5688096,Apparel,2,5/6/2016 20:45,12.98426157,77.63922299,13.0170379,77.61929657
5688097,Pharma,2,5/4/2016 21:40,13.009754,77.67184438,13.04232641,77.63619169
5688098,Electricals,2,5/5/2016 5:45,13.0089078,77.56799935,13.03182877,77.58119622
5688099,PackagedFood,1,5/5/2016 1:34,13.00574088,77.57027672,12.88657325,77.56937408
5688100,PackagedFood,1,5/5/2016 14:48,12.91176239,77.52592323,12.9397311,77.58011817
5688101,CPG,2,5/7/2016 18:12,12.89771214,77.59669902,12.94767647,77.5333153
5688102,Electricals,2,5/5/2016 7:45,12.9317457,77.59028616,12.88785369,77.58905514
5688103,Apparel,2,5/5/2016 0:35,13.0220712,77.55579183,12.95042083,77.52556182
5688104,Apparel,1,5/5/2016 8:07,12.9530744,77.58648515,12.90172385,77.64696661
5688105,HomeFurniture,1,5/5/2016 15:08,13.02553535,77.60896327,12.99527657,77.58941337
5688106,Electricals,2,5/6/2016 0:19,12.94494961,77.58012117,13.04226425,77.60805357
5688107,Apparel,1,5/7/2016 18:28,13.01567062,77.6524508,12.95996126,77.54856398
5688108,CPG,1,5/6/2016 10:45,12.93186597,77.52018479,12.93930198,77.64923759
5688109,Electricals,1,5/5/2016 1:07,12.91817754,77.59635185,13.04060398,77.55264339
5688110,HomeFurniture,2,5/7/2016 13:44,12.99009886,77.54051385,12.92134714,77.65709644
5688111,PackagedFood,2,5/6/2016 21:26,12.95935461,77.53142276,12.99734295,77.62408166
5688112,PackagedFood,2,5/4/2016 8:36,12.98095523,77.669421,12.92204547,77.57618406
5688113,HomeFurniture,1,5/7/2016 23:19,12.96145736,77.53089974,12.95415054,77.55193061
5688114,Electricals,2,5/6/2016 15:00,13.01423246,77.52197654,13.00909407,77.63870298
5688115,Electricals,1,5/4/2016 7:11,12.9286274,77.60927413,12.91597764,77.63838538
5688116,Electricals,2,5/7/2016 6:29,12.90442791,77.54207115,12.96926805,77.56924531
5688117,Electricals,2,5/6/2016 14:49,12.98806278,77.65083134,13.04033134,77.59167155
5688118,Apparel,1,5/5/2016 23:08,13.03033815,77.55631948,12.94398219,77.53320187
5688119,CPG,2,5/6/2016 14:06,12.92325691,77.58299802,12.99808293,77.65026768
5688120,HomeFurniture,2,5/7/2016 1:15,12.8843238,77.58567322,13.02902275,77.58599908
5688121,Electricals,1,5/4/2016 12:29,13.05023175,77.60815959,12.98792306,77.61014543
5688122,PackagedFood,1,5/5/2016 19:36,12.94721884,77.61847835,12.91957024,77.55331683
5688123,HomeFurniture,1,5/6/2016 8:26,13.03610639,77.64598798,12.92201358,77.52275115
5688124,HomeFurniture,2,5/6/2016 8:29,13.04043831,77.56595862,13.02773796,77.56376151
5688125,CPG,1,5/4/2016 12:23,12.94868803,77.56539179,12.91871356,77.54790266
5688126,Apparel,1,5/6/2016 13:19,12.90245217,77.53840667,12.98798619,77.56446886
5688127,Electricals,1,5/7/2016 18:28,13.00034078,77.53348969,12.93516095,77.6433916
5688128,Pharma,1,5/4/2016 10:43,12.97310429,77.68501591,13.03424612,77.60573848
5688129,Pharma,1,5/6/2016 9:01,12.94353474,77.56620057,12.96582668,77.61973504
5688130,Pharma,1,5/7/2016 18:13,12.9033772,77.65017255,12.94157135,77.66758788
5688131,PackagedFood,1,5/7/2016 7:27,13.03050392,77.60103778,13.03339219,77.56255277
5688132,PackagedFood,1,5/6/2016 19:56,12.93072165,77.54490749,13.05236953,77.62679786
5688133,Electricals,1,5/7/2016 7:42,13.03994021,77.59378475,12.97681685,77.51138578
5688134,Electricals,2,5/6/2016 16:23,13.01577443,77.58222642,12.97020214,77.63830017
5688135,Pharma,2,5/6/2016 22:36,12.89124649,77.62554242,12.96125288,77.65203102
5688136,CPG,2,5/5/2016 21:46,12.9445621,77.5167172,12.94935188,77.57467278
5688137,HomeFurniture,1,5/7/2016 4:45,13.03448956,77.60063806,13.02331896,77.53067716
5688138,Apparel,2,5/5/2016 17:20,12.96089966,77.57673939,12.98795226,77.63295709
5688139,HomeFurniture,1,5/5/2016 13:12,12.92442105,77.60277088,12.88810272,77.59345997
5688140,CPG,2,5/4/2016 3:28,13.01247604,77.64025596,12.96808363,77.65351403
5688141,CPG,1,5/7/2016 1:45,12.98170536,77.58798997,12.99013641,77.50481902
5688142,PackagedFood,2,5/6/2016 13:43,12.9618919,77.65542638,12.89968498,77.55291261
5688143,PackagedFood,1,5/7/2016 12:35,12.98934866,77.65251242,13.00820527,77.51059019
5688144,Apparel,2,5/4/2016 20:49,12.94188984,77.57950401,12.97669825,77.63044652
5688145,PackagedFood,2,5/5/2016 16:08,12.9555786,77.55066547,12.96682803,77.60271338
5688146,PackagedFood,2,5/4/2016 11:43,12.88677718,77.56461101,12.99152643,77.53335298
5688147,CPG,2,5/4/2016 17:14,12.97590518,77.55919742,12.98012239,77.60155589
5688148,Electricals,2,5/5/2016 1:19,13.01264544,77.61896639,13.00099667,77.56725494
5688149,PackagedFood,1,5/6/2016 22:28,12.98577578,77.64865495,12.98028866,77.67737753
5688150,Pharma,2,5/5/2016 9:39,12.93446159,77.6678208,12.9284449,77.64544161
5688151,HomeFurniture,1,5/4/2016 13:34,12.96356481,77.53257807,12.99813707,77.57194846
5688152,HomeFurniture,1,5/6/2016 12:59,13.02837786,77.63032331,12.99025522,77.62600927
5688153,Electricals,2,5/5/2016 1:55,12.92633453,77.55875918,12.97088821,77.66704071
5688154,Pharma,2,5/5/2016 17:27,13.01740097,77.56308176,12.95831974,77.5180703
5688155,Apparel,2,5/7/2016 10:08,13.03810259,77.55116291,13.02113376,77.53638918
5688156,HomeFurniture,2,5/4/2016 1:31,12.89063433,77.5577083,12.98300771,77.65201292
5688157,CPG,1,5/5/2016 4:54,13.0442124,77.55273177,12.96226284,77.53458249
5688158,Electricals,1,5/6/2016 20:13,12.95601144,77.64232945,12.93099324,77.58597486
5688159,Electricals,2,5/5/2016 10:18,12.91563386,77.53772947,12.8853982,77.58679369
5688160,PackagedFood,2,5/5/2016 20:09,12.98465528,77.55862218,12.99571348,77.63651212
5688161,HomeFurniture,1,5/7/2016 22:22,12.90731527,77.62714717,12.89871742,77.56615696
5688162,Electricals,2,5/4/2016 20:51,13.00290469,77.67656909,13.04466416,77.5898119
5688163,Electricals,2,5/6/2016 4:41,12.93989321,77.63495271,12.91123932,77.54252408
5688164,Apparel,1,5/5/2016 11:46,12.95337373,77.54767708,12.97677201,77.5570237
5688165,PackagedFood,2,5/7/2016 7:42,12.97821472,77.66464934,12.93352912,77.55668659
5688166,CPG,2,5/6/2016 5:25,12.99589886,77.55412812,13.00996346,77.53464467
5688167,Electricals,1,5/6/2016 8:09,12.94896206,77.62584376,12.99276175,77.64376885
5688168,Pharma,1,5/6/2016 11:27,13.05394182,77.60519735,12.94946634,77.52225233
5688169,Electricals,1,5/5/2016 20:48,12.9942766,77.62781718,12.93359983,77.62625595
5688170,Apparel,1,5/4/2016 6:20,13.0088278,77.57212977,12.95188929,77.60940821
5688171,Electricals,2,5/5/2016 7:12,12.96412342,77.62870427,12.94468855,77.59547992
5688172,HomeFurniture,1,5/4/2016 4:06,12.91516218,77.65612061,12.9532611,77.54935984
5688173,Apparel,1,5/5/2016 9:04,12.98471494,77.64533102,12.97195613,77.56619056
5688174,HomeFurniture,2,5/4/2016 13:24,12.95897292,77.61266149,12.94329742,77.54150217
5688175,Electricals,1,5/7/2016 3:08,12.92089783,77.62698692,12.92426895,77.59949919
5688176,Pharma,1,5/7/2016 17:30,12.9934083,77.6086903,12.92301467,77.61118332
5688177,Electricals,2,5/5/2016 22:08,12.95142837,77.66853205,12.93791617,77.56867021
5688178,Pharma,1,5/7/2016 23:20,12.99763446,77.64277048,12.98156109,77.65156638
5688179,PackagedFood,2,5/7/2016 17:35,13.00856042,77.54425225,12.98104203,77.67909551
5688180,HomeFurniture,2,5/5/2016 0:25,12.98991433,77.5908282,13.02162347,77.63488874
5688181,Pharma,1,5/7/2016 12:30,12.97575257,77.56999394,13.03259496,77.62927463
5688182,Electricals,1,5/4/2016 4:26,12.9390592,77.53033144,12.90291781,77.6217699
5688183,Pharma,2,5/4/2016 5:45,12.99800427,77.58483931,12.91582416,77.5359481
5688184,HomeFurniture,2,5/4/2016 3:19,12.90809083,77.60498295,12.94929417,77.63298853
5688185,PackagedFood,1,5/5/2016 16:12,12.94318568,77.6817022,12.94294642,77.60228421
5688186,Pharma,1,5/6/2016 4:59,13.03559355,77.62358328,12.96062032,77.65518996
5688187,Pharma,2,5/7/2016 11:22,13.03713194,77.54663258,13.01967921,77.63506661
5688188,Pharma,1,5/7/2016 3:09,12.97081979,77.61528587,12.99727166,77.51144621
5688189,PackagedFood,1,5/7/2016 11:00,12.92572028,77.5936451,12.93367006,77.67090562
5688190,CPG,1,5/4/2016 12:14,12.93839202,77.5175768,12.93197315,77.52582843
5688191,Apparel,1,5/4/2016 6:34,12.96516319,77.60512893,13.05421841,77.61763775
5688192,CPG,2,5/4/2016 5:17,12.94198289,77.60427563,12.92039743,77.67014691
5688193,PackagedFood,2,5/6/2016 18:22,12.9951488,77.565545,13.01774998,77.54358039
5688194,PackagedFood,1,5/6/2016 4:01,12.98083388,77.51123108,12.96693862,77.5357923
5688195,Pharma,1,5/4/2016 14:41,12.9224507,77.54300128,12.99414538,77.66897341
5688196,CPG,2,5/6/2016 9:21,12.93884225,77.5459743,13.01266757,77.59550701
5688197,Pharma,2,5/7/2016 22:55,12.96653537,77.52662382,12.93161305,77.54263858
5688198,PackagedFood,2,5/7/2016 4:35,12.91498442,77.61638952,12.90827376,77.59467558
5688199,Pharma,2,5/7/2016 19:29,12.97668619,77.51768872,12.93403218,77.55561949
5688200,HomeFurniture,1,5/5/2016 17:20,12.93950209,77.56206019,13.02043403,77.59897509
5688201,Electricals,1,5/4/2016 14:44,12.93203878,77.65575978,12.98825355,77.65191686
5688202,CPG,2,5/6/2016 16:25,13.03326689,77.5356107,13.05104746,77.59294474
5688203,Apparel,1,5/6/2016 18:28,13.02923871,77.56533808,13.03014705,77.5329554
5688204,HomeFurniture,2,5/6/2016 23:03,12.96425316,77.62843707,13.02032317,77.56217323
5688205,HomeFurniture,2,5/5/2016 3:37,13.03496284,77.6309328,13.01463729,77.56610058
5688206,HomeFurniture,2,5/5/2016 10:59,12.95445665,77.6050577,12.89132586,77.6213682
5688207,Electricals,2,5/6/2016 14:02,12.94089705,77.52571489,13.027718,77.55460625
5688208,HomeFurniture,2,5/5/2016 18:43,13.01306145,77.54001824,13.00007385,77.53420861
5688209,Electricals,2,5/5/2016 6:24,12.96574705,77.62011503,12.98143779,77.55875679
5688210,CPG,1,5/7/2016 0:11,12.93503512,77.60506845,12.96540893,77.62125084
5688211,CPG,1,5/7/2016 20:08,12.94962853,77.53001723,12.93365497,77.64506581
5688212,Electricals,2,5/7/2016 9:04,13.01708014,77.5960157,13.05206982,77.59967885
5688213,Apparel,1,5/7/2016 2:46,12.95294583,77.68087906,13.05341321,77.60795451
5688214,PackagedFood,2,5/7/2016 13:28,12.97239544,77.63778536,13.00635756,77.58841319
5688215,PackagedFood,2,5/5/2016 2:03,12.94601032,77.60249421,12.97548331,77.64069563
5688216,PackagedFood,1,5/6/2016 20:05,12.95289682,77.6386133,12.93566095,77.59605488
5688217,HomeFurniture,1,5/6/2016 11:43,12.99692192,77.63474163,12.92273324,77.58799533
5688218,Pharma,1,5/6/2016 6:03,12.97402804,77.56588047,12.97420448,77.64313358
5688219,CPG,1,5/5/2016 17:43,12.92857062,77.60166465,12.9992482,77.5469448
5688220,Electricals,1,5/5/2016 3:12,13.04452066,77.56894955,13.02126143,77.58586124
5688221,Apparel,2,5/4/2016 3:56,13.00339467,77.67528654,13.02580498,77.62164699
5688222,Pharma,2,5/6/2016 17:51,13.00303701,77.63803959,12.93364551,77.58062669
5688223,CPG,1,5/4/2016 21:19,12.99152418,77.61456395,12.9088807,77.65162107
5688224,Pharma,1,5/5/2016 18:13,12.91231926,77.56017678,13.0126825,77.6389494
5688225,Apparel,2,5/4/2016 4:02,12.98859065,77.64930944,12.97366972,77.67893926
5688226,Electricals,1,5/4/2016 0:40,12.88977023,77.63173961,13.00015372,77.54667324
5688227,Electricals,2,5/4/2016 6:50,13.01977086,77.64451417,12.99280205,77.60922841
5688228,CPG,2,5/5/2016 1:33,12.93492802,77.54053433,12.95008271,77.57834671
5688229,CPG,1,5/4/2016 15:58,12.9814249,77.54438462,12.89397762,77.55428297
5688230,CPG,1,5/6/2016 5:11,12.90468285,77.56352817,12.96342827,77.53363461
5688231,HomeFurniture,1,5/5/2016 3:32,12.908379,77.60288679,12.93534029,77.56179996
5688232,HomeFurniture,2,5/4/2016 18:53,13.02519198,77.54898579,12.97331062,77.58251057
5688233,Electricals,1,5/4/2016 5:42,13.01499737,77.62071713,12.98183133,77.63155014
5688234,Electricals,1,5/7/2016 17:46,13.01015001,77.65778695,12.98333165,77.67232066
5688235,PackagedFood,1,5/4/2016 14:22,12.96339457,77.67203952,12.95104747,77.67004789
5688236,CPG,2,5/4/2016 9:22,13.04820649,77.60654801,13.0426141,77.58628109
5688237,Pharma,1,5/7/2016 10:35,12.98342746,77.66405792,12.99405571,77.58736287
5688238,HomeFurniture,1,5/7/2016 1:48,12.90701669,77.63292642,12.97833323,77.65130374
5688239,CPG,1,5/5/2016 3:55,12.96232528,77.68050644,12.9261769,77.6312223
5688240,Pharma,1,5/7/2016 23:57,12.98456609,77.61841864,12.9969081,77.51208045
5688241,Pharma,1,5/7/2016 4:05,12.98788457,77.66602904,13.02620576,77.63590304
5688242,CPG,2,5/5/2016 15:33,13.02465408,77.65869194,12.99159813,77.53004305
5688243,Apparel,1,5/5/2016 14:10,12.92043103,77.58585043,12.98927798,77.56477809
5688244,CPG,1,5/6/2016 15:09,12.993126,77.56551261,12.92151268,77.64694744
5688245,Apparel,1,5/5/2016 0:42,13.017318,77.61309778,13.03430955,77.64561347
5688246,PackagedFood,1,5/7/2016 14:13,12.96184752,77.57342103,12.9637774,77.54761316
5688247,CPG,2,5/6/2016 23:29,12.98365724,77.60747512,12.97605041,77.56959653
5688248,Apparel,2,5/6/2016 15:08,12.96630838,77.56819819,13.04122739,77.60053632
5688249,Electricals,2,5/7/2016 14:00,13.00742441,77.512702,12.92835325,77.66939846
5688250,Pharma,2,5/4/2016 15:04,13.00890955,77.66678406,12.92428124,77.60366799
5688251,Electricals,1,5/5/2016 1:41,12.93852513,77.65014227,13.04369161,77.54723059
5688252,PackagedFood,1,5/6/2016 7:15,12.97193295,77.58918029,13.0071142,77.60238804
5688253,CPG,2,5/7/2016 18:03,13.01981343,77.60229092,12.96960428,77.61405945
5688254,HomeFurniture,1,5/6/2016 4:23,12.93971077,77.60772572,12.91125125,77.55617766
5688255,CPG,1,5/7/2016 13:09,12.98650066,77.62843004,12.91582815,77.54462549
5688256,Pharma,2,5/6/2016 13:30,12.90083316,77.63335299,12.96677148,77.67858865
5688257,Apparel,1,5/4/2016 13:14,13.03318824,77.63303661,12.97434718,77.5523637
5688258,Apparel,1,5/7/2016 2:01,12.89122133,77.60382057,12.98898474,77.63056388
5688259,Pharma,2,5/7/2016 20:39,12.97021736,77.55901685,13.00327466,77.63539195
5688260,CPG,2,5/6/2016 20:19,13.02816273,77.54079451,13.04955325,77.60746469
5688261,CPG,1,5/6/2016 13:22,12.93276898,77.61342056,12.90844498,77.61079287
5688262,Apparel,1,5/6/2016 2:37,12.94507843,77.67905286,12.9376289,77.56878115
5688263,Pharma,1,5/7/2016 12:05,12.9684647,77.55672329,12.98746419,77.66212584
5688264,Pharma,1,5/6/2016 7:27,12.96847775,77.6003006,12.99114953,77.56301347
5688265,Electricals,1,5/6/2016 8:41,13.05241587,77.58899474,12.95772797,77.59987337
5688266,Pharma,1,5/7/2016 7:14,12.89413104,77.57253935,12.89562544,77.55193754
5688267,CPG,1,5/6/2016 17:42,12.92130476,77.53136735,13.00518715,77.51949778
5688268,Apparel,2,5/5/2016 6:46,13.05238551,77.61124871,12.98971074,77.52625468
5688269,PackagedFood,2,5/6/2016 17:18,12.98721474,77.53296682,12.934701,77.58406005
5688270,Pharma,1,5/4/2016 13:36,13.04803083,77.64118907,13.03408131,77.65937485
5688271,Pharma,1,5/6/2016 19:42,12.95279113,77.60368247,13.00944258,77.57796641
5688272,HomeFurniture,1,5/5/2016 21:47,12.92256191,77.52339881,12.88905575,77.62285936
5688273,Pharma,1,5/7/2016 23:46,12.98796795,77.54599829,12.89848001,77.61161312
5688274,CPG,2,5/7/2016 22:58,12.90705535,77.61615531,12.97663831,77.50450783
5688275,CPG,2,5/7/2016 10:13,13.00162103,77.63721659,12.9258344,77.57583408
5688276,Pharma,2,5/7/2016 7:56,13.00517735,77.6221167,12.91869556,77.62177637
5688277,Apparel,1,5/7/2016 2:09,13.0094293,77.55260495,12.9276975,77.55083618
5688278,Pharma,2,5/6/2016 7:47,12.94792832,77.57908206,13.04280693,77.54698951
5688279,Pharma,1,5/4/2016 0:41,13.02445093,77.55703715,12.95798954,77.57668299
5688280,HomeFurniture,1,5/6/2016 6:34,13.04820927,77.61310421,12.91308149,77.61589202
5688281,Apparel,2,5/6/2016 11:34,12.99957376,77.58973276,12.96846486,77.65773125
5688282,Electricals,2,5/5/2016 21:13,13.05040042,77.60442131,12.90161377,77.59097042
5688283,Apparel,1,5/4/2016 0:21,12.9792197,77.58371474,13.00464607,77.62754429
5688284,HomeFurniture,1,5/6/2016 0:47,12.97676992,77.51827931,12.97223886,77.53273778
5688285,PackagedFood,2,5/4/2016 19:23,13.03393758,77.61742669,13.04211685,77.60733953
5688286,PackagedFood,1,5/5/2016 15:22,13.02307602,77.55710091,12.88419063,77.61412007
5688287,Electricals,1,5/4/2016 11:57,12.94045188,77.58561386,12.92926496,77.56943848
5688288,PackagedFood,1,5/5/2016 18:56,12.96656355,77.65572857,13.02167018,77.65256894
5688289,HomeFurniture,2,5/4/2016 7:22,12.92355107,77.54022608,12.99923379,77.60786396
5688290,Electricals,2,5/4/2016 13:14,12.93920086,77.57412555,13.02428563,77.53570445
5688291,Electricals,1,5/5/2016 11:38,12.96280081,77.53738453,12.94046377,77.68009187
5688292,Electricals,1,5/5/2016 13:27,13.0209395,77.57398849,12.90981666,77.52882886
5688293,Pharma,2,5/6/2016 16:54,12.94416353,77.60121799,12.9310267,77.65679123
5688294,Apparel,2,5/7/2016 1:00,12.97723032,77.61844559,13.01327343,77.58681305
5688295,CPG,1,5/4/2016 4:42,13.0314705,77.54748927,13.00122142,77.51091165
5688296,HomeFurniture,1,5/6/2016 9:40,12.98445623,77.53922338,12.93112664,77.61185156
5688297,HomeFurniture,1,5/6/2016 6:18,12.93360476,77.60482997,12.97109657,77.50942924
5688298,Electricals,2,5/4/2016 3:56,12.88611081,77.61165929,13.00330594,77.5514707
5688299,Pharma,2,5/7/2016 0:30,12.93787792,77.63862072,13.0188688,77.59714247
5688300,PackagedFood,2,5/5/2016 2:08,13.01226533,77.53304351,12.93270672,77.65714202
5688301,Electricals,2,5/4/2016 22:04,13.0008749,77.55492099,12.96363437,77.65049374
5688302,CPG,2,5/5/2016 17:48,12.98602524,77.50746533,12.93044857,77.54070709
5688303,PackagedFood,2,5/6/2016 10:54,12.98443231,77.61334023,12.94749107,77.5592489
5688304,HomeFurniture,2,5/7/2016 4:32,13.02102021,77.60758131,12.91228142,77.57904417
5688305,Apparel,2,5/5/2016 1:11,12.95824686,77.63747602,12.90630131,77.59246589
5688306,Apparel,2,5/6/2016 4:08,12.94435302,77.60084502,12.96993271,77.57524682
5688307,CPG,2,5/6/2016 13:54,13.05338833,77.60842605,12.92029999,77.63257942
5688308,HomeFurniture,1,5/6/2016 2:03,12.96146057,77.61158403,12.89413724,77.61776809
5688309,CPG,2,5/7/2016 5:31,13.00923836,77.54605147,13.01121642,77.56669923
5688310,Electricals,2,5/6/2016 7:12,12.97474545,77.54266318,12.95938149,77.64412754
5688311,CPG,1,5/5/2016 15:20,13.01981933,77.62003375,12.9002772,77.63276878
5688312,HomeFurniture,1,5/6/2016 5:13,12.99813213,77.54621946,13.02526414,77.6330295
5688313,CPG,1,5/7/2016 21:06,13.00246195,77.53000736,12.94602284,77.64082486
5688314,Apparel,2,5/5/2016 19:30,12.9824347,77.63115828,12.92042322,77.62698383
5688315,CPG,1,5/4/2016 11:14,13.01667109,77.58741739,12.99713566,77.56039288
5688316,HomeFurniture,1,5/7/2016 4:01,13.02113085,77.61940911,12.92522014,77.56516799
5688317,CPG,1,5/7/2016 0:13,12.96017863,77.61676319,12.95969192,77.63171146
5688318,CPG,1,5/5/2016 7:01,12.99364467,77.51969078,13.00858755,77.59164493
5688319,HomeFurniture,2,5/4/2016 7:14,12.92340587,77.64758602,13.0005582,77.61750585
5688320,Apparel,2,5/4/2016 8:56,12.93172826,77.53321496,12.91990905,77.5562335
5688321,CPG,1,5/5/2016 13:14,12.99422868,77.61799115,12.92057888,77.58506074
5688322,PackagedFood,1,5/6/2016 19:21,12.98064329,77.53176939,12.99109737,77.51630351
5688323,Apparel,1,5/4/2016 20:56,13.02600687,77.56635663,12.95595337,77.57768485
5688324,PackagedFood,1,5/7/2016 7:03,12.89705393,77.58040194,12.96465191,77.67372421
5688325,CPG,1,5/4/2016 16:42,13.00671707,77.66257669,13.03988236,77.62237496
5688326,PackagedFood,2,5/5/2016 16:08,12.95878325,77.584407,12.90492822,77.65587828
5688327,Pharma,2,5/4/2016 17:30,12.90983612,77.66059385,12.91538132,77.59817591
5688328,Pharma,1,5/4/2016 23:02,13.00458618,77.60578228,12.99005526,77.66991134
5688329,Apparel,1,5/4/2016 18:26,13.04457367,77.58162176,12.93501866,77.55743243
5688330,CPG,1,5/7/2016 1:19,12.9330964,77.65026001,12.99903435,77.62777136
5688331,Pharma,2,5/6/2016 9:01,12.94397385,77.63353603,13.01291942,77.67157897
5688332,Apparel,1,5/5/2016 2:28,13.0132704,77.53383225,13.00865355,77.64229776
5688333,Pharma,1,5/6/2016 9:07,13.04107204,77.60715474,12.93398071,77.67504113
5688334,HomeFurniture,2,5/7/2016 13:13,12.95892653,77.5511146,13.02232665,77.59498525
5688335,HomeFurniture,2,5/4/2016 23:19,12.90943139,77.55225274,12.9630075,77.5297395
5688336,Electricals,1,5/5/2016 11:37,12.90453006,77.64157704,13.0526867,77.57317356
5688337,HomeFurniture,2,5/4/2016 14:40,13.04331664,77.56047627,12.94859447,77.52639048
5688338,Electricals,1,5/6/2016 13:15,12.94468653,77.63794863,13.03920514,77.56990041
5688339,Pharma,1,5/6/2016 3:40,12.89415397,77.62574565,12.93341068,77.62906754
5688340,Pharma,1,5/7/2016 10:04,12.9454137,77.55077338,13.03234509,77.56650356
5688341,CPG,2,5/4/2016 19:00,13.04741845,77.55401398,13.05007528,77.57716237
5688342,Apparel,1,5/5/2016 11:30,12.90112722,77.54893597,13.01341678,77.64958489
5688343,Pharma,2,5/5/2016 20:36,13.00304712,77.61234958,12.90909698,77.62977503
5688344,Pharma,1,5/4/2016 19:41,12.96974323,77.56752515,13.05618794,77.58489321
5688345,CPG,2,5/7/2016 17:26,13.03648416,77.63420731,12.92428518,77.64077916
5688346,Apparel,2,5/7/2016 13:51,13.03393681,77.59285362,12.98262096,77.57067331
5688347,PackagedFood,2,5/7/2016 16:29,12.98516933,77.55016846,12.88880138,77.57942654
5688348,CPG,1,5/7/2016 23:33,12.97712162,77.65514994,13.04363561,77.55131297
5688349,Apparel,2,5/7/2016 16:42,12.94434276,77.61191048,12.90222408,77.59867502
5688350,Apparel,2,5/5/2016 17:28,13.02613148,77.58230579,13.04875506,77.55005344
5688351,CPG,1,5/6/2016 7:28,12.88992557,77.61065032,12.9172153,77.57514101
5688352,Pharma,2,5/5/2016 16:42,13.02834887,77.58229689,13.00739893,77.51042711
5688353,Pharma,2,5/5/2016 2:52,13.02552032,77.57544239,12.92924966,77.5553873
5688354,Pharma,2,5/5/2016 2:03,13.0167333,77.58484518,12.97937017,77.63407111
5688355,CPG,2,5/5/2016 9:25,12.93883846,77.63361161,13.05358184,77.59012473
5688356,Apparel,2,5/6/2016 20:32,13.0004846,77.54208527,12.92430407,77.56899588
5688357,PackagedFood,1,5/4/2016 7:25,13.01835887,77.64518979,12.93591609,77.62399289
5688358,PackagedFood,2,5/5/2016 13:11,12.94141883,77.6026564,12.96099596,77.62254507
5688359,Pharma,2,5/7/2016 15:40,13.0073676,77.56732906,12.95886458,77.65852686
5688360,Pharma,2,5/5/2016 2:06,13.04007309,77.6115786,12.97488266,77.50962368
5688361,HomeFurniture,2,5/5/2016 19:23,12.89540858,77.60458348,13.01307823,77.51873042
5688362,Pharma,1,5/4/2016 23:09,13.05771622,77.59932878,12.95191886,77.55055148
5688363,Electricals,2,5/7/2016 22:48,13.00200472,77.68126922,13.00789534,77.63957906
5688364,CPG,2,5/5/2016 21:00,12.95078013,77.55453519,12.99040022,77.6684365
5688365,HomeFurniture,1,5/7/2016 23:08,13.04205228,77.60996489,12.95819271,77.61812895
5688366,Pharma,1,5/5/2016 19:02,13.01311154,77.54402874,13.02396392,77.56171929
5688367,Pharma,2,5/7/2016 0:25,12.88582348,77.57259927,12.98580958,77.50674897
5688368,CPG,1,5/4/2016 11:48,12.91809133,77.66088626,12.95582366,77.51937193
5688369,PackagedFood,1,5/6/2016 13:33,12.96385789,77.60719584,13.02124238,77.60299588
5688370,HomeFurniture,2,5/6/2016 8:49,12.96800174,77.53867619,12.96723486,77.65095139
5688371,CPG,1,5/4/2016 14:57,12.92595595,77.53859593,13.04100989,77.61425676
5688372,CPG,1,5/4/2016 8:58,13.01640259,77.59989915,12.9101206,77.63673093
5688373,Electricals,2,5/5/2016 1:26,12.91874751,77.53061779,12.97863976,77.63213425
5688374,CPG,1,5/4/2016 4:18,12.89626342,77.62201604,12.99173197,77.64205382
5688375,Apparel,2,5/5/2016 15:09,13.02133553,77.52352832,12.90723499,77.58062512
5688376,Pharma,1,5/5/2016 18:54,13.04038791,77.59517009,12.97029331,77.65838526
5688377,Apparel,1,5/4/2016 4:51,13.04651648,77.62543933,12.98532602,77.66136711
5688378,HomeFurniture,1,5/6/2016 20:34,12.93058589,77.6424318,12.99690664,77.51366401
5688379,HomeFurniture,2,5/6/2016 2:57,12.95213714,77.66344116,12.93756815,77.67835039
5688380,CPG,1,5/4/2016 2:32,12.96506456,77.581357,12.97798641,77.67457242
5688381,CPG,2,5/7/2016 20:15,12.9496045,77.62468727,12.9141632,77.60945857
5688382,HomeFurniture,2,5/6/2016 8:19,12.94577451,77.63474534,13.00392248,77.61245611
5688383,Pharma,2,5/7/2016 13:57,13.01129186,77.5374155,13.03447242,77.59822576
5688384,Electricals,2,5/5/2016 16:44,12.9806192,77.51862167,12.94207225,77.54573916
5688385,Pharma,1,5/7/2016 4:36,13.00121815,77.6109489,12.95217017,77.5991522
5688386,Electricals,1,5/6/2016 2:04,12.92597704,77.6431835,12.91488244,77.66326533
5688387,Pharma,2,5/6/2016 22:10,12.94251395,77.66285222,12.97406537,77.58851866
5688388,Apparel,1,5/7/2016 20:09,12.98900942,77.50956697,13.01864356,77.63553733
5688389,PackagedFood,2,5/7/2016 9:28,12.99460017,77.65660386,12.95136625,77.6813751
5688390,Apparel,1,5/5/2016 15:04,12.88825301,77.61885791,13.00380502,77.67557504
